Code,Classification,Specialization,Definition
193200000X,Multi-Specialty,,"A business group of one or more individual practitioners, who practice with different areas of specialization."
193400000X,Single Specialty,,"A business group of one or more individual practitioners, all of who practice with the same area of specialization."
207K00000X,Allergy & Immunology,,"An allergist-immunologist is trained in evaluation, physical and laboratory diagnosis, and management of disorders involving the immune system. Selected examples of such conditions include asthma, anaphylaxis, rhinitis, eczema, and adverse reactions to drugs, foods, and insect stings as well as immune deficiency diseases (both acquired and congenital), defects in host defense, and problems related to autoimmune disease, organ transplantation, or malignancies of the immune system."
207KA0200X,Allergy & Immunology,Allergy,"A physician who specializes in the diagnosis, treatment, and management of allergies."
207KI0005X,Allergy & Immunology,Clinical & Laboratory Immunology,An allergy and immunology physician who specializes in clinical and laboratory immunology disease management..
207L00000X,Anesthesiology,,"An anesthesiologist is trained to provide pain relief and maintenance, or restoration, of a stable condition during and immediately following an operation or an obstetric or diagnostic procedure. The anesthesiologist assesses the risk of the patient undergoing surgery and optimizes the patient's condition prior to, during and after surgery. In addition to these management responsibilities, the anesthesiologist provides medical management and consultation in pain management and critical care medicine. Anesthesiologists diagnose and treat acute, long-standing and cancer pain problems; diagnose and treat patients with critical illnesses or severe injuries; direct resuscitation in the care of patients with cardiac or respiratory emergencies, including the need for artificial ventilation; and supervise post-anesthesia recovery."
207LA0401X,Anesthesiology,Addiction Medicine,An anesthesiologist who specializes in the diagnosis and treatment of addictions.
207LC0200X,Anesthesiology,Critical Care Medicine,"An anesthesiologist, who specializes in critical care medicine diagnoses, treats and supports patients with multiple organ dysfunction. This specialist may have administrative responsibilities for intensive care units and may also facilitate and coordinate patient care among the primary physician, the critical care staff and other specialists."
207LH0002X,Anesthesiology,Hospice and Palliative Medicine,"An anesthesiologist with special knowledge and skills to prevent and relieve the suffering experienced by patients with life-limiting illnesses. This specialist works with an interdisciplinary hospice or palliative care team to maximize quality of life while addressing physical, psychological, social and spiritual needs of both patient and family throughout the course of the disease, through the dying process, and beyond for the family.  This specialist has expertise in the assessment of patients with advanced disease; the relief of distressing symptoms; the coordination of interdisciplinary patient and family-centered care in diverse venues; the use of specialized care systems including hospice; the management of the imminently dying patient; and legal and ethical decision making in end-of-life care."
207LP2900X,Anesthesiology,Pain Medicine,"An anesthesiologist who provides a high level of care, either as a primary physician or consultant, for patients experiencing problems with acute, chronic and/or cancer pain in both hospital and ambulatory settings. Patient care needs are also coordinated with other specialists."
207LP3000X,Anesthesiology,Pediatric Anesthesiology,"An anesthesiologist who has had additional skill and experience in and is primarily concerned with the anesthesia, sedation, and pain management needs of infants and children.  A pediatric anesthesiologist generally provides services including the evaluation of complex medical problems in infants and children when surgery is necessary,  planning and care for children before and after surgery, pain control, anesthesia and sedation for any procedures out of the operating room such as MRI, CT scan, and radiation therapy."
208U00000X,Clinical Pharmacology,,"Clinical pharmacology encompasses the spectrum of activities related to the discovery, development, regulation, and utilization of safe and effective drugs."
208C00000X,Colon & Rectal Surgery,,"A colon and rectal surgeon is trained to diagnose and treat various diseases of the intestinal tract, colon, rectum, anal canal and perianal area by medical and surgical means. This specialist also deals with other organs and tissues (such as the liver, urinary and female reproductive system) involved with primary intestinal disease."
207N00000X,Dermatology,,"A dermatologist is trained to diagnose and treat pediatric and adult patients with benign and malignant disorders of the skin, mouth, external genitalia, hair and nails, as well as a number of sexually transmitted diseases. The dermatologist has had additional training and experience in the diagnosis and treatment of skin cancers, melanomas, moles and other tumors of the skin, the management of contact dermatitis and other allergic and nonallergic skin disorders, and in the recognition of the skin manifestations of systemic (including internal malignancy) and infectious diseases. Dermatologists have special training in dermatopathology and in the surgical techniques used in dermatology. They also have expertise in the management of cosmetic disorders of the skin such as hair loss and scars and the skin changes associated with aging."
207NI0002X,Dermatology,Clinical & Laboratory Dermatological Immunology,A dermatologist who utilizes various specialized laboratory procedures to diagnose disorders characterized by defective responses of the body's immune system. Immunodermatologists also may provide consultation in the management of these disorders and administer specialized forms of therapy for these diseases.
207ND0900X,Dermatology,Dermatopathology,"A dermatopathologist has the expertise to diagnose and monitor diseases of the skin including infectious, immunologic, degenerative and neoplastic diseases. This entails the examination and interpretation of specially prepared tissue sections, cellular scrapings and smears of skin lesions by means of routine and special (electron and fluorescent) microscopes."
207ND0101X,Dermatology,MOHS-Micrographic Surgery,"The highly-trained surgeons that perform Mohs Micrographic Surgery are specialists both in dermatology and pathology. With their extensive knowledge of the skin and unique pathological skills, they are able to remove only diseased tissue, preserving healthy tissue and minimizing the cosmetic impact of the surgery.  Mohs surgeons who belong to the American College of Mohs Surgery (ACMS) have completed a minimum of one year of fellowship training at one of the ACMS-approved training centers in the U.S."
207NP0225X,Dermatology,Pediatric Dermatology,"A pediatric dermatologist has, through additional special training, developed expertise in the treatment of specific skin disease categories with emphasis on those diseases which predominate in infants, children and adolescents."
207NS0135X,Dermatology,Procedural Dermatology,"Procedural Dermatology, a subspecialty of Dermatology, encompassing a wide variety of surgical procedures and methods to remove or modify skin tissue for health or cosmetic benefit. These methods include scalpel surgery, laser surgery, chemical surgery, cryosurgery (liquid nitrogen), electrosurgery, aspiration surgery, liposuction, injection of filler substances, and Mohs micrographic controlled surgery (a special technique for the removal of growths, especially skin cancers)."
204R00000X,Electrodiagnostic Medicine,,"Electrodiagnostic medicine is the medical subspecialty that applies neurophysiologic techniques to diagnose, evaluate, and treat patients with impairments of the neurologic, neuromuscular, and/or muscular systems.  Qualified physicians are trained in performing electrophysiological testing and interpretation of the test data.  They require knowledge in anatomy, physiology, kinesiology, histology, and pathology of the brain, spinal cord, autonomic nerves, cranial nerves, peripheral nerves, neuromuscular junction, and muscles. They must know clinical features and treatment of diseases of the central, peripheral, and autonomic nervous systems, as well as those of neuromuscular junction and muscle. Physicians also require special knowledge about electric signal processing, including waveform analysis, electronics and instrumentation, stimulation and recording equipment, and statistics."
207P00000X,Emergency Medicine,,"An emergency physician focuses on the immediate decision making and action necessary to prevent death or any further disability both in the pre-hospital setting by directing emergency medical technicians and in the emergency department. The emergency physician provides immediate recognition, evaluation, care, stabilization and disposition of a generally diversified population of adult and pediatric patients in response to acute illness and injury."
207PE0004X,Emergency Medicine,Emergency Medical Services,"An emergency medicine physician who specializes in non-hospital based emergency medical services (e.g., disaster site, accident scene, transport vehicle, etc.) to provide pre-hospital assessment, treatment, and transport patients."
207PH0002X,Emergency Medicine,Hospice and Palliative Medicine,"An emergency medicine physician with special knowledge and skills to prevent and relieve the suffering experienced by patients with life-limiting illnesses. This specialist works with an interdisciplinary hospice or palliative care team to maximize quality of life while addressing physical, psychological, social and spiritual needs of both patient and family throughout the course of the disease, through the dying process, and beyond for the family.  This specialist has expertise in the assessment of patients with advanced disease; the relief of distressing symptoms; the coordination of interdisciplinary patient and family-centered care in diverse venues; the use of specialized care systems including hospice; the management of the imminently dying patient; and legal and ethical decision making in end-of-life care."
207PT0002X,Emergency Medicine,Medical Toxicology,"Medical toxicologists are physicians who specialize in the prevention, evaluation, treatment and monitoring of injury and illness from exposures to drugs and chemicals, as well as biological and radiological agents. Medical toxicologists care for people in clinical, academic, governmental and public health settings, and provide poison control center leadership. Important areas of medical toxicology include acute drug poisoning, adverse drug events, drug abuse, addiction and withdrawal, chemicals and hazardous materials, terrorism preparedness, venomous bites and stings and environmental and workplace exposures."
207PP0204X,Emergency Medicine,Pediatric Emergency Medicine,Pediatric Emergency Medicine is a clinical subspecialty that focuses on the care of the acutely ill or injured child in the setting of an emergency department.
207PS0010X,Emergency Medicine,Sports Medicine,"An emergency physician with special knowledge in sports medicine is responsible for continuous care in the field of sports medicine, not only for the enhancement of health and fitness, but also for the prevention and management of injury and illness. A sports medicine physician has knowledge and experience in the promotion of wellness and the role of exercise in promoting a healthy lifestyle. Knowledge of exercise physiology, biomechanics, nutrition, psychology, physical rehabilitation and epidemiology is essential to the practice of sports medicine."
207PE0005X,Emergency Medicine,Undersea and Hyperbaric Medicine,"A specialist who treats decompression illness and diving accident cases and uses hyperbaric oxygen therapy to treat such conditions as carbon monoxide poisoning, gas gangrene, non-healing wounds, tissue damage from radiation and burns, and bone infections.  This specialist also serves as a consultant to other physicians in all aspects of hyperbaric chamber operations, and assesses risks and applies appropriate standards to prevent disease and disability in divers and other persons working in altered atmospheric conditions."
207Q00000X,Family Medicine,,"Family Medicine is the medical specialty which is concerned with the total health care of the individual and the family. It is the specialty in breadth which integrates the biological, clinical, and behavioral sciences. The scope of family medicine is not limited by age, sex, organ system, or disease entity."
207QA0401X,Family Medicine,Addiction Medicine,A family medicine physician who specializes in the diagnosis and treatment of addictions.
207QA0000X,Family Medicine,Adolescent Medicine,"A family medicine physician with multidisciplinary training in the unique physical, psychological and social characteristics of adolescents and their health care problems and needs."
207QA0505X,Family Medicine,Adult Medicine,The NUCC recommends this code not be used. Choose a more appropriate code.
207QG0300X,Family Medicine,Geriatric Medicine,"A family medicine physician with special knowledge of the aging process and special skills in the diagnostic, therapeutic, preventive and rehabilitative aspects of illness in the elderly. This specialist cares for geriatric patients in the patient's home, the office, long-term care settings such as nursing homes, and the hospital."
207QH0002X,Family Medicine,Hospice and Palliative Medicine,"A family medicine physician with special knowledge and skills to prevent and relieve the suffering experienced by patients with life-limiting illnesses. This specialist works with an interdisciplinary hospice or palliative care team to maximize quality of life while addressing physical, psychological, social and spiritual needs of both patient and family throughout the course of the disease, through the dying process, and beyond for the family.  This specialist has expertise in the assessment of patients with advanced disease; the relief of distressing symptoms; the coordination of interdisciplinary patient and family-centered care in diverse venues; the use of specialized care systems including hospice; the management of the imminently dying patient; and legal and ethical decision making in end-of-life care."
207QB0002X,Family Medicine,Obesity Medicine,"A physician who specializes in the treatment of obesity demonstrates competency in and a thorough understanding of the treatment of obesity and the genetic, biologic, environmental, social, and behavioral factors that contribute to obesity. The obesity medicine physician employs therapeutic interventions including diet, physical activity, behavioral change, and pharmacotherapy. The obesity medicine physician utilizes a comprehensive approach, and may include additional resources such as dietitians, exercise physiologists, mental health professionals and bariatric surgeons as indicated to achieve optimal results. Additionally, the obesity medicine physician maintains competency in providing pre- peri- and post-surgical care of bariatric surgery patients, promotes the prevention of obesity, and advocates for those who suffer from obesity."
207QS1201X,Family Medicine,Sleep Medicine,"A Family Medicine Physician who practices Sleep Medicine is certified in the subspecialty of sleep medicine and specializes in the clinical assessment, physiologic testing, diagnosis, management and prevention of sleep and circadian rhythm disorders. Sleep specialists treat patients of any age and use multidisciplinary approaches. Disorders managed by sleep specialists include, but are not limited to, sleep related breathing disorders, insomnia, hypersomnias, circadian rhythm sleep disorders, parasomnias and sleep related movement disorders."
207QS0010X,Family Medicine,Sports Medicine,"A family medicine physician that is trained to be responsible for continuous care in the field of sports medicine, not only for the enhancement of health and fitness, but also for the prevention of injury and illness. A sports medicine physician must have knowledge and experience in the promotion of wellness and the prevention of injury. Knowledge about special areas of medicine such as exercise physiology, biomechanics, nutrition, psychology, physical rehabilitation, epidemiology, physical evaluation, injuries (treatment and prevention and referral practice) and the role of exercise in promoting a healthy lifestyle are essential to the practice of sports medicine. The sports medicine physician requires special education to provide the knowledge to improve the health care of the individual engaged in physical exercise (sports) whether as an individual or in team participation."
208D00000X,General Practice,,"A physician who specializes in the general practice of diagnosing, treating, and managing patients with a variety of illnesses and conditions."
208M00000X,Hospitalist,,"Hospitalists are physicians whose primary professional focus is the general medical care of hospitalized patients. Their activities include patient care, teaching, research, and leadership related to Hospital Medicine. The term 'hospitalist' refers to physicians whose practice emphasizes providing care for hospitalized patients."
202C00000X,Independent Medical Examiner,,"A special evaluator not involved with the medical care of the individual examinee that impartially evaluates the care being provided by other practitioners to clarify clinical, disability, liability or other case issues."
202D00000X,Integrative Medicine,,"A physician who specializes in the treatment of the whole person through prevention and treatment based on medical evidence. Integrative medicine considers all factors that influence health, wellness, and disease - including mind, body, and spirit. Conventional and alternative methods are used to facilitate the body's innate healing response. Appropriate consideration is given to use of less-invasive and less-harmful interventions, when possible. It also incorporates all appropriate therapeutic approaches, health care modalities, and disciplines to achieve optimal health and healing."
207R00000X,Internal Medicine,,"A physician who provides long-term, comprehensive care in the office and the hospital, managing both common and complex illness of adolescents, adults and the elderly. Internists are trained in the diagnosis and treatment of cancer, infections and diseases affecting the heart, blood, kidneys, joints and digestive, respiratory and vascular systems. They are also trained in the essentials of primary care internal medicine, which incorporates an understanding of disease prevention, wellness, substance abuse, mental health and effective treatment of common problems of the eyes, ears, skin, nervous system and reproductive organs."
207RA0401X,Internal Medicine,Addiction Medicine,An internist doctor of osteopathy that specializes in the treatment of addiction disorders.  A doctor of osteopathy that is board eligible/certified by the American Osteopathic Board of Internal Medicine can obtain a Certificate of Added Qualifications in the field of Addiction Medicine.
207RA0000X,Internal Medicine,Adolescent Medicine,"An internist who specializes in adolescent medicine is a multi-disciplinary healthcare specialist trained in the unique physical, psychological and social characteristics of adolescents, their healthcare problems and needs."
207RA0002X,Internal Medicine,Adult Congenital Heart Disease,"A physician who specializes in the care and treatment of adults with congenital heart disease. Adult congenital heart disease (ACHD) physicians are trained to understand the complexities of congenital heart disease, anatomy, physiology, surgical repairs, and long-term complications and use that to manage ACHD with acquired heart disease, including heart failure, arrhythmias, and pulmonary hypertension."
207RA0001X,Internal Medicine,Advanced Heart Failure and Transplant Cardiology,"Specialists in Advanced Heart Failure and Transplant Cardiology would participate in the inpatient and outpatient management of patients with advanced heart failure across the spectrum from consideration for high-risk cardiac surgery, cardiac transplantation, or mechanical circulatory support, to pre-and post-operative evaluation and management of patients with cardiac transplants and mechanical support devices, and end-of-life care for patients with end-stage heart failure."
207RA0201X,Internal Medicine,Allergy & Immunology,An internist doctor of osteopathy that specializes in the treatment of allergy and immunologic disorders.  A doctor of osteopathy that is board eligible/certified by the American Osteopathic Board of Internal Medicine can obtain a Certificate of Special Qualifications in the field of Allergy & Immunology.
207RC0000X,Internal Medicine,Cardiovascular Disease,"An internist who specializes in diseases of the heart and blood vessels and manages complex cardiac conditions such as heart attacks and life-threatening, abnormal heartbeat rhythms."
207RI0001X,Internal Medicine,Clinical & Laboratory Immunology,An internal medicine physician who specializes in clinical and laboratory immunology disease management.
207RC0001X,Internal Medicine,Clinical Cardiac Electrophysiology,"A field of special interest within the subspecialty of cardiovascular disease, specialty of Internal Medicine, which involves intricate technical procedures to evaluate heart rhythms and determine appropriate treatment for them."
207RC0200X,Internal Medicine,Critical Care Medicine,"An internist who diagnoses, treats and supports patients with multiple organ dysfunction. This specialist may have administrative responsibilities for intensive care units and may also facilitate and coordinate patient care among the primary physician, the critical care staff and other specialists."
207RE0101X,Internal Medicine,"Endocrinology, Diabetes & Metabolism","An internist who concentrates on disorders of the internal (endocrine) glands such as the thyroid and adrenal glands. This specialist also deals with disorders such as diabetes, metabolic and nutritional disorders, obesity, pituitary diseases and menstrual and sexual problems."
207RG0100X,Internal Medicine,Gastroenterology,"An internist who specializes in diagnosis and treatment of diseases of the digestive organs including the stomach, bowels, liver and gallbladder. This specialist treats conditions such as abdominal pain, ulcers, diarrhea, cancer and jaundice and performs complex diagnostic and therapeutic procedures using endoscopes to visualize internal organs."
207RG0300X,Internal Medicine,Geriatric Medicine,"An internist who has special knowledge of the aging process and special skills in the diagnostic, therapeutic, preventive and rehabilitative aspects of illness in the elderly. This specialist cares for geriatric patients in the patient's home, the office, long-term care settings such as nursing homes and the hospital."
207RH0000X,Internal Medicine,Hematology,"An internist with additional training who specializes in diseases of the blood, spleen and lymph. This specialist treats conditions such as anemia, clotting disorders, sickle cell disease, hemophilia, leukemia and lymphoma."
207RH0003X,Internal Medicine,Hematology & Oncology,An internist doctor of osteopathy that specializes in the treatment of the combination of hematology and oncology disorders.  A doctor of osteopathy that is board eligible/certified by the American Osteopathic Board of Internal Medicine WAS able to obtain a Certificate of Special Qualifications in the field of Hematology and Oncology.  The Certificate is NO longer offered.
207RI0008X,Internal Medicine,Hepatology,"The discipline of Hepatology encompasses the structure, function, and diseases of the liver and biliary tract. The American Board of Internal Medicine considers Hepatology part of the subspecialty of gastroenterology. Physicians who identify themselves as Hepatologists usually, but not always, have been trained in gastrointestinal programs."
207RH0002X,Internal Medicine,Hospice and Palliative Medicine,"An internal medicine physician with special knowledge and skills to prevent and relieve the suffering experienced by patients with life-limiting illnesses. This specialist works with an interdisciplinary hospice or palliative care team to maximize quality of life while addressing physical, psychological, social and spiritual needs of both patient and family throughout the course of the disease, through the dying process, and beyond for the family.  This specialist has expertise in the assessment of patients with advanced disease; the relief of distressing symptoms; the coordination of interdisciplinary patient and family-centered care in diverse venues; the use of specialized care systems including hospice; the management of the imminently dying patient; and legal and ethical decision making in end-of-life care."
207RH0005X,Internal Medicine,Hypertension Specialist,A Hypertension Specialist is a physician who concentrates on all aspects of the diagnosis and treatment of hypertension.
207RI0200X,Internal Medicine,Infectious Disease,An internist who deals with infectious diseases of all types and in all organ systems. Conditions requiring selective use of antibiotics call for this special skill. This physician often diagnoses and treats AIDS patients and patients with fevers which have not been explained. Infectious disease specialists may also have expertise in preventive medicine and travel medicine.
207RI0011X,Internal Medicine,Interventional Cardiology,"An area of medicine within the subspecialty of cardiology, which uses specialized imaging and other diagnostic techniques to evaluate blood flow and pressure in the coronary arteries and chambers of the heart and uses technical procedures and medications to treat abnormalities that impair the function of the cardiovascular system."
207RM1200X,Internal Medicine,Magnetic Resonance Imaging (MRI),The NUCC recommends this code not be used. Choose a more appropriate code.<br/>
207RX0202X,Internal Medicine,Medical Oncology,An internist who specializes in the diagnosis and treatment of all types of cancer and other benign and malignant tumors. This specialist decides on and administers therapy for these malignancies as well as consults with surgeons and radiotherapists on other treatments for cancer.
207RN0300X,Internal Medicine,Nephrology,"An internist who treats disorders of the kidney, high blood pressure, fluid and mineral balance and dialysis of body wastes when the kidneys do not function. This specialist consults with surgeons about kidney transplantation."
207RB0002X,Internal Medicine,Obesity Medicine,"A physician who specializes in the treatment of obesity demonstrates competency in and a thorough understanding of the treatment of obesity and the genetic, biologic, environmental, social, and behavioral factors that contribute to obesity. The obesity medicine physician employs therapeutic interventions including diet, physical activity, behavioral change, and pharmacotherapy. The obesity medicine physician utilizes a comprehensive approach, and may include additional resources such as dietitians, exercise physiologists, mental health professionals and bariatric surgeons as indicated to achieve optimal results. Additionally, the obesity medicine physician maintains competency in providing pre- peri- and post-surgical care of bariatric surgery patients, promotes the prevention of obesity, and advocates for those who suffer from obesity."
207RP1001X,Internal Medicine,Pulmonary Disease,"An internist who treats diseases of the lungs and airways. The pulmonologist diagnoses and treats cancer, pneumonia, pleurisy, asthma, occupational and environmental diseases, bronchitis, sleep disorders, emphysema and other complex disorders of the lungs."
207RR0500X,Internal Medicine,Rheumatology,"An internist who treats diseases of joints, muscle, bones and tendons. This specialist diagnoses and treats arthritis, back pain, muscle strains, common athletic injuries and ""collagen"" diseases."
207RS0012X,Internal Medicine,Sleep Medicine,"An Internist who practices Sleep Medicine is certified in the subspecialty of sleep medicine and specializes in the clinical assessment, physiologic testing, diagnosis, management and prevention of sleep and circadian rhythm disorders. Sleep specialists treat patients of any age and use multidisciplinary approaches. Disorders managed by sleep specialists include, but are not limited to, sleep related breathing disorders, insomnia, hypersomnias, circadian rhythm sleep disorders, parasomnias and sleep related movement disorders."
207RS0010X,Internal Medicine,Sports Medicine,"An internist trained to be responsible for continuous care in the field of sports medicine, not only for the enhancement of health and fitness, but also for the prevention of injury and illness. A sports medicine physician must have knowledge and experience in the promotion of wellness and the prevention of injury. Knowledge about special areas of medicine such as exercise physiology, biomechanics, nutrition, psychology, physical rehabilitation, epidemiology, physical evaluation, injuries (treatment and prevention and referral practice) and the role of exercise in promoting a healthy lifestyle are essential to the practice of sports medicine. The sports medicine physician requires special education to provide the knowledge to improve the healthcare of the individual."
207RT0003X,Internal Medicine,Transplant Hepatology,An internist with special knowledge and the skill required of a gastroenterologist to care for patients prior to and following hepatic transplantation that spans all phases of liver transplantation. Selection of appropriate recipients requires assessment by a team having experience in evaluating the severity and prognosis of patients with liver disease.
209800000X,Legal Medicine,,"Legal Medicine is a special field of medicine that focuses on various aspects of medicine and law. Historically, the practice of legal medicine made contributions to medicine as a scientific instrument to solve criminal perplexities. Since World War II, the domain of legal medicine has broadened to include not only aspects of medical science to solve legal and criminal problems but aspects of law as it applies to medicine. Legal Medicine continues to grow as medicolegal issues like medical malpractice and liability, government regulation of health care, issues of tort reform, and moral and ethical complexities presented by technological advances become increasingly prominent. Many medical schools have implemented courses which supply medicolegal instruction for medical students, and many law schools now offer medicolegal courses. Also, dual degree programs in law and medicine have been created to assist physicians to bridge the gap between medicine and the law."
207SG0202X,Medical Genetics,Clinical Biochemical Genetics,A clinical biochemical geneticist demonstrates competence in performing and interpreting biochemical analyses relevant to the diagnosis and management of human genetic diseases and is a consultant regarding laboratory diagnosis of a broad range of inherited disorders.
207SC0300X,Medical Genetics,Clinical Cytogenetics,"A clinical cytogeneticist demonstrates competence in providing laboratory diagnostic and clinical interpretive services dealing with cellular components, particularly chromosomes, associated with heredity."
207SG0201X,Medical Genetics,Clinical Genetics (M.D.),"A clinical geneticist demonstrates competence in providing comprehensive diagnostic, management and counseling services for genetic disorders."
207SG0203X,Medical Genetics,Clinical Molecular Genetics,A clinical molecular geneticist demonstrates competence in performing and interpreting molecular analyses relevant to the diagnosis and management of human genetic diseases and is a consultant regarding laboratory diagnosis of a broad range of inherited disorders.
207SG0207X,Medical Genetics,Medical Biochemical Genetics,"A medical biochemical geneticist specializes in the diagnosis, evaluation, prevention, and treatment of patients with biochemical genetic disorders, defined as inborn errors of metabolism at any age of onset. Training does not include those skills and knowledge necessary to direct a clinical laboratory. "
207SM0001X,Medical Genetics,Molecular Genetic Pathology,"A board certified subspecialty, the molecular genetic pathologist is expert in the principles, theory and technologies of molecular biology and molecular genetics. This expertise is used to make or confirm diagnoses of Mendelian genetic disorders, of human development, infectious diseases and malignancies and to assess the natural history of those disorders. A molecular genetic pathologist provides information about gene structure, function and alteration, and applies laboratory techniques for diagnosis, treatment and prognosis for individuals with related disorders."
207SG0205X,Medical Genetics,Ph.D. Medical Genetics,"A medical geneticist works in association with a medical specialist, is affiliated with a clinical genetics program and serves as a consultant to medical and dental specialists."
207T00000X,Neurological Surgery,,"A neurological surgeon provides the operative and non-operative management (i.e., prevention, diagnosis, evaluation, treatment, critical care, and rehabilitation) of disorders of the central, peripheral, and autonomic nervous systems, including their supporting structures and vascular supply; the evaluation and treatment of pathological processes which modify function or activity of the nervous system; and the operative and non-operative management of pain. A neurological surgeon treats patients with disorders of the nervous system; disorders of the brain, meninges, skull, and their blood supply, including the extracranial carotid and vertebral arteries; disorders of the pituitary gland; disorders of the spinal cord, meninges, and vertebral column, including those which may require treatment by spinal fusion or instrumentation; and disorders of the cranial and spinal nerves throughout their distribution."
204D00000X,Neuromusculoskeletal Medicine & OMM,,"The Neuromusculoskeletal Medicine and Osteopathic Manipulative Medicine physician directs special attention to the neuromusculoskeletal system and its interaction with other body systems. Neuromusculoskeletal Medicine and Osteopathic Manipulative Medicine encompasses increased knowledge and understanding of osteopathic principles and practice and heightened technical skills of osteopathic manipulative medicine, and integrates each of these into the management of pediatric, adolescent, adult, and geriatric patients."
204C00000X,"Neuromusculoskeletal Medicine, Sports Medicine",,A Neuromusculoskeletal Medicine and Osteopathic Manipulative Medicine physician trained to be responsible for the continuous care in the field of sports medicine encompasses increased knowledge and understanding of osteopathic principles and practice and heightened technical skills of osteopathic manipulative medicine and integrates each of these into the management of the individual engaged in physical exercise (sports) whether as an individual or in team participation.
207U00000X,Nuclear Medicine,,"A nuclear medicine specialist employs the properties of radioactive atoms and molecules in the diagnosis and treatment of disease and in research. Radiation detection and imaging instrument systems are used to detect disease as it changes the function and metabolism of normal cells, tissues and organs. A wide variety of diseases can be found in this way, usually before the structure of the organ involved by the disease can be seen to be abnormal by any other techniques. Early detection of coronary artery disease (including acute heart attack), early cancer detection and evaluation of the effect of tumor treatment, diagnosis of infection and inflammation anywhere in the body and early detection of blood clot in the lungs are all possible with these techniques. Unique forms of radioactive molecules can attack and kill cancer cells (e.g., lymphoma, thyroid cancer) or can relieve the severe pain of cancer that has spread to bone"
207UN0903X,Nuclear Medicine,In Vivo & In Vitro Nuclear Medicine,A nuclear medicine physician who specializes in in vivo and in vitro nuclear medicine.
207UN0901X,Nuclear Medicine,Nuclear Cardiology,A nuclear medicine physician who specializes in nuclear cardiology.
207UN0902X,Nuclear Medicine,Nuclear Imaging & Therapy,A nuclear medicine physician who specializes in nuclear imaging and therapy.
207V00000X,Obstetrics & Gynecology,,"An obstetrician/gynecologist possesses special knowledge, skills and professional capability in the medical and surgical care of the female reproductive system and associated disorders. This physician serves as a consultant to other physicians and as a primary physician for women."
207VC0300X,Obstetrics & Gynecology,Complex Family Planning,"A complex family planning physician specializes in the diagnosis and treatment of individuals with complex reproductive needs. These physicians are experts in abortion and contraception clinical care, research, education, and advocacy."
207VC0200X,Obstetrics & Gynecology,Critical Care Medicine,"An obstetrician/gynecologist, who specializes in critical care medicine diagnoses, treats and supports female patients with multiple organ dysfunction. This specialist may have administrative responsibilities for intensive care units and may also facilitate and coordinate patient care among the primary physician, the critical care staff and other specialists."
207VF0040X,Obstetrics & Gynecology,Urogynecology and Reconstructive Pelvic Surgery,"A subspecialist in Urogynecology and Reconstructive Pelvic Surgery is a physician in Urology or Obstetrics and Gynecology who, by virtue of education and training, is prepared to provide consultation and comprehensive management of women with complex benign pelvic conditions, lower urinary tract disorders, and pelvic floor dysfunction. Comprehensive management includes those diagnostic and therapeutic procedures necessary for the total care of the patient with these conditions and complications resulting from them."
207VX0201X,Obstetrics & Gynecology,Gynecologic Oncology,"An obstetrician/gynecologist who provides consultation and comprehensive management of patients with gynecologic cancer, including those diagnostic and therapeutic procedures necessary for the total care of the patient with gynecologic cancer and resulting complications."
207VG0400X,Obstetrics & Gynecology,Gynecology,"A physician who specializes in diagnosis, treatment, and management of patients with gynecologic conditions."
207VH0002X,Obstetrics & Gynecology,Hospice and Palliative Medicine,"An obstetrician/gynecologist with special knowledge and skills to prevent and relieve the suffering experienced by patients with life-limiting illnesses. This specialist works with an interdisciplinary hospice or palliative care team to maximize quality of life while addressing physical, psychological, social and spiritual needs of both patient and family throughout the course of the disease, through the dying process, and beyond for the family.  This specialist has expertise in the assessment of patients with advanced disease; the relief of distressing symptoms; the coordination of interdisciplinary patient and family-centered care in diverse venues; the use of specialized care systems including hospice; the management of the imminently dying patient; and legal and ethical decision making in end-of-life care."
207VM0101X,Obstetrics & Gynecology,Maternal & Fetal Medicine,"An obstetrician/gynecologist who cares for, or provides consultation on, patients with complications of pregnancy. This specialist has advanced knowledge of the obstetrical, medical and surgical complications of pregnancy and their effect on both the mother and the fetus. The specialist also possesses expertise in the most current diagnostic and treatment modalities used in the care of patients with complicated pregnancies."
207VB0002X,Obstetrics & Gynecology,Obesity Medicine,"A physician who specializes in the treatment of obesity demonstrates competency in and a thorough understanding of the treatment of obesity and the genetic, biologic, environmental, social, and behavioral factors that contribute to obesity. The obesity medicine physician employs therapeutic interventions including diet, physical activity, behavioral change, and pharmacotherapy. The obesity medicine physician utilizes a comprehensive approach, and may include additional resources such as dietitians, exercise physiologists, mental health professionals and bariatric surgeons as indicated to achieve optimal results. Additionally, the obesity medicine physician maintains competency in providing pre- peri- and post-surgical care of bariatric surgery patients, promotes the prevention of obesity, and advocates for those who suffer from obesity."
207VX0000X,Obstetrics & Gynecology,Obstetrics,"A physician who specializes in diagnosis, treatment, and management of patients with obstetric conditions."
207VE0102X,Obstetrics & Gynecology,Reproductive Endocrinology,An obstetrician/gynecologist who is capable of managing complex problems relating to reproductive endocrinology and infertility.
207W00000X,Ophthalmology,,"An ophthalmologist has the knowledge and professional skills needed to provide comprehensive eye and vision care. Ophthalmologists are medically trained to diagnose, monitor and medically or surgically treat all ocular and visual disorders. This includes problems affecting the eye and its component structures, the eyelids, the orbit and the visual pathways. In so doing, an ophthalmologist prescribes vision services, including glasses and contact lenses."
207WX0120X,Ophthalmology,Cornea and External Diseases Specialist,"An ophthalmologist who specializes in diseases of the cornea, sclera, eyelids, conjunctiva, and anterior segment of the eye."
207WX0009X,Ophthalmology,Glaucoma Specialist,An ophthalmologist who specializes in the treatment of glaucoma and other disorders related to increased intraocular pressure and optic nerve damage.  This specialty involves the medical and surgical treatment of these conditions.
207WX0109X,Ophthalmology,Neuro-ophthalmology,"A neuro-ophthalmologist is a subspecialist of ophthalmology.  This physician evaluates, treats, and studies disorders of the eye, orbit and nervous system having to do with interactions of the visual motor and visual sensory systems with the central nervous system. Neuro-ophthalmologists manage patients with complex and severe neuro-ophthalmological disorders."
207WX0200X,Ophthalmology,Ophthalmic Plastic and Reconstructive Surgery,"A physician who specializes in oculofacial plastic and reconstructive surgery. This subspecialty combines orbital and periocular surgery with facial plastic surgery, and includes aesthetic and reconstructive surgery of the face, orbit, eyelid, and lacrimal system. Practitioners evaluate, diagnose and treat conditions involving the eyelids, brows, midface, orbits, lacrimal systems and surrounding and supporting structures of the face and neck."
207WX0110X,Ophthalmology,Pediatric Ophthalmology and Strabismus Specialist,"An ophthalmologist who specializes in pediatric ophthalmology and strabismus management. The subspecialty includes the medical and surgical management of eye disorders found in children. Some of the more common disorders include amblyopia, strabismus, refractive error, cataract and glaucoma. These disorders may be related to neurological and endocrinological diseases, trauma, or aging changes in the extraocular muscles requiring medical, optical and surgical management."
207WX0107X,Ophthalmology,Retina Specialist,An ophthalmologist who specializes in the diagnosis and treatment of vitreoretinal diseases.
207WX0108X,Ophthalmology,Uveitis and Ocular Inflammatory Disease,"An ophthalmologist who specializes in the treatment of intraocular inflammation, scleritis, keratitis and infectious disorders affecting the eye and inflammatory disorders of the adnexa and/or orbit."
204E00000X,Oral & Maxillofacial Surgery,,"Oral and maxillofacial surgeons are trained to recognize and treat a wide spectrum of diseases, injuries and defects in the head, neck, face, jaws and the hard and soft tissues of the oral and maxillofacial region. They are also trained to administer anesthesia, and provide care in an office setting. They are trained to treat problems such as the extraction of wisdom teeth, misaligned jaws, tumors and cysts of the jaw and mouth, and to perform dental implant surgery."
207X00000X,Orthopaedic Surgery,,"An orthopaedic surgeon is trained in the preservation, investigation and restoration of the form and function of the extremities, spine and associated structures by medical, surgical and physical means.  An orthopaedic surgeon is involved with the care of patients whose musculoskeletal problems include congenital deformities, trauma, infections, tumors, metabolic disturbances of the musculoskeletal system, deformities, injuries and degenerative diseases of the spine, hands, feet, knee, hip, shoulder and elbow in children and adults. An orthopaedic surgeon is also concerned with primary and secondary muscular problems and the effects of central or peripheral nervous system lesions of the musculoskeletal system."
207XS0114X,Orthopaedic Surgery,Adult Reconstructive Orthopaedic Surgery,"Recognized by several state medical boards as a fellowship subspecialty program of orthopaedic surgery, adult reconstructive orthopaedic surgeons deal with reconstructive procedures such as joint arthroplasty (i.e., hip and knee), osteotomy, arthroscopy, soft-tissue reconstruction, and a variety of other adult reconstructive surgical procedures. "
207XX0004X,Orthopaedic Surgery,Foot and Ankle Surgery,"Recognized by several state medical boards as a fellowship subspecialty program of orthopaedic surgery, foot and ankle surgeons deal with adult reconstructive foot and ankle surgery, adult foot and ankle trauma, sports medicine foot and ankle, and children's foot and ankle reconstructive surgery."
207XS0106X,Orthopaedic Surgery,Hand Surgery,"An orthopaedic surgeon trained in the investigation, preservation and restoration by medical, surgical and rehabilitative means of all structures of the upper extremity directly affecting the form and function of the hand and wrist."
207XS0117X,Orthopaedic Surgery,Orthopaedic Surgery of the Spine,"Recognized by several state medical boards as a fellowship subspecialty program of orthopaedic surgery, orthopaedic surgeons of the spine deal with the evaluation and nonoperative and operative treatment of the full spectrum of primary spinal disorders including trauma, degenerative, deformity, tumor, and reconstructive."
207XX0801X,Orthopaedic Surgery,Orthopaedic Trauma,"Recognized by several state medical boards as a fellowship subspecialty program of orthopaedic surgery, orthopaedic trauma surgeons deal with the evaluation and management of acute orthopaedic injuries, evaluation and treatment of post-traumatic deformities and nonunions, acute and delayed reconstruction of pelvic and acetabular fractures, as well as osteotomy in the adult hip for treatment of hip arthritis."
207XP3100X,Orthopaedic Surgery,Pediatric Orthopaedic Surgery,"An orthopedic surgeon who has additional training and experience in diagnosing, treating and managing musculoskeletal problems in infants, children and adolescents.  These may include limb and spine deformities (such as club foot, scoliosis); gait abnormalities (limping); bone and joint infections; broken bones."
207XX0005X,Orthopaedic Surgery,Sports Medicine,"An orthopaedic surgeon trained in sports medicine provides appropriate care for all structures of the musculoskeletal system directly affected by participation in sporting activity. This specialist is proficient in areas including conditioning, training and fitness, athletic performance and the impact of dietary supplements, pharmaceuticals, and nutrition on performance and health, coordination of care within the team setting utilizing other health care professionals, field evaluation and management, soft tissue biomechanics and injury healing and repair. Knowledge and understanding of the principles and techniques of rehabilitation, athletic equipment and orthotic devices enables the specialist to prevent and manage athletic injuries."
207Y00000X,Otolaryngology,,"An otolaryngologist-head and neck surgeon provides comprehensive medical and surgical care for patients with diseases and disorders that affect the ears, nose, throat, the respiratory and upper alimentary systems and related structures of the head and neck. An otolaryngologist diagnoses and provides medical and/or surgical therapy or prevention of diseases, allergies, neoplasms, deformities, disorders and/or injuries of the ears, nose, sinuses, throat, respiratory and upper alimentary systems, face, jaws and the other head and neck systems. Head and neck oncology, facial plastic and reconstructive surgery and the treatment of disorders of hearing and voice are fundamental areas of expertise."
207YS0123X,Otolaryngology,Facial Plastic Surgery,An otolaryngologist who specializes in facial plastic surgery.
207YX0602X,Otolaryngology,Otolaryngic Allergy,An otolaryngologist who specializes in the diagnosis and treatment of otolaryngic allergies and other allergic diseases.
207YX0905X,Otolaryngology,Otolaryngology/Facial Plastic Surgery,An otolaryngologist who specializes in the diagnosis and surgical treatment of head and neck conditions.
207YX0901X,Otolaryngology,Otology & Neurotology,"An otolaryngologist who treats diseases of the ear and temporal bone, including disorders of hearing and balance. The additional training in otology and neurotology emphasizes the study of embryology, anatomy, physiology, epidemiology, pathophysiology, pathology, genetics, immunology, microbiology and the etiology of diseases of the ear and temporal bone."
207YP0228X,Otolaryngology,Pediatric Otolaryngology,"A pediatric otolaryngologist has special expertise in the management of infants and children with disorders that include congenital and acquired conditions involving the aerodigestive tract, nose and paranasal sinuses, the ear and other areas of the head and neck. The pediatric otolaryngologist has special skills in the diagnosis, treatment, and management of childhood disorders of voice, speech, language and hearing."
207YX0007X,Otolaryngology,Plastic Surgery within the Head & Neck,"An otolaryngologist with additional training in plastic and reconstructive procedures within the head, face, neck and associated structures, including cutaneous head and neck oncology and reconstruction, management of maxillofacial trauma, soft tissue repair and neural surgery. The field is diverse and involves a wide age range of patients, from the newborn to the aged. While both cosmetic and reconstructive surgeries are practiced, there are many additional procedures which interface with them."
207YS0012X,Otolaryngology,Sleep Medicine,"An Otolaryngologist who practices Sleep Medicine is certified in the subspecialty of sleep medicine and specializes in the clinical assessment, physiologic testing, diagnosis, management and prevention of sleep and circadian rhythm disorders. Sleep specialists treat patients of any age and use multidisciplinary approaches. Disorders managed by sleep specialists include, but are not limited to, sleep related breathing disorders, insomnia, hypersomnias, circadian rhythm sleep disorders, parasomnias and sleep related movement disorders."
208VP0014X,Pain Medicine,Interventional Pain Medicine,"Interventional Pain Medicine is the discipline of medicine devoted to the diagnosis and treatment of pain and related disorders principally with the application of interventional techniques in managing subacute, chronic, persistent, and intractable pain, independently or in conjunction with other modalities of treatment."
208VP0000X,Pain Medicine,Pain Medicine,"Pain Medicine is a primary medical specialty based on a distinct body of knowledge and a well-defined scope of clinical practice that is founded on science, research and education.  It is concerned with the study of pain, the prevention of pain, and the evaluation, treatment, and rehabilitation of persons in pain.  A comprehensive evaluation incorporates the physical, psychological, cognitive and socio-cultural contributions to pain.  The treatment protocol may include pharmacological, invasive, behavioral, cognitive, rehabilitative and complementary strategies provided in a concurrent focused and patient specific manner.  The pain medicine physician often serves the patient as a frontline physician regarding their pain, but also may serve as a consultant to other physicians, direct an interdisciplinary/multidisciplinary treatment team, conduct research, or advocate for the patient's pain care with public and private agencies.  The Pain Medicine physician may work in variety of settings including office, clinic, hospital, university, or governmental/public agencies."
207ZP0101X,Pathology,Anatomic Pathology,"A pathologist deals with the causes and nature of disease and contributes to diagnosis, prognosis and treatment through knowledge gained by the laboratory application of the biologic, chemical and physical sciences. A pathologist uses information gathered from the microscopic examination of tissue specimens, cells and body fluids, and from clinical laboratory tests on body fluids and secretions for the diagnosis, exclusion and monitoring of disease."
207ZP0102X,Pathology,Anatomic Pathology & Clinical Pathology,"A pathologist deals with the causes and nature of disease and contributes to diagnosis, prognosis and treatment through knowledge gained by the laboratory application of the biologic, chemical and physical sciences. A pathologist uses information gathered from the microscopic examination of tissue specimens, cells and body fluids, and from clinical laboratory tests on body fluids and secretions for the diagnosis, exclusion and monitoring of disease."
207ZB0001X,Pathology,Blood Banking & Transfusion Medicine,"A physician who specializes in blood banking/transfusion medicine is responsible for the maintenance of an adequate blood supply, blood donor and patient-recipient safety and appropriate blood utilization. Pre-transfusion compatibility testing and antibody testing assure that blood transfusions, when indicated, are as safe as possible. This physician directs the preparation and safe use of specially prepared blood components, including red blood cells, white blood cells, platelets and plasma constituents, and marrow or stem cells for transplantation."
207ZP0104X,Pathology,Chemical Pathology,"A chemical pathologist has expertise in the biochemistry of the human body as it applies to the understanding of the cause and progress of disease. This physician functions as a clinical consultant in the diagnosis and treatment of human disease. Chemical pathology entails the application of biochemical data to the detection, confirmation or monitoring of disease."
207ZC0008X,Pathology,Clinical Informatics,"Physicians who practice Clinical Informatics collaborate with other health care and information technology professionals to analyze, design, implement and evaluate information and communication systems that enhance individual and population health outcomes, improve patient care, and strengthen the clinician-patient relationship. Clinical Informaticians use their knowledge of patient care combined with their understanding of informatics concepts, methods, and tools to: assess information and knowledge needs of health care professionals and patients; characterize, evaluate, and refine clinical processes; develop, implement, and refine clinical decision support systems; and lead or participate in the procurement, customization, development, implementation, management, evaluation, and continuous improvement of clinical information systems."
207ZC0006X,Pathology,Clinical Pathology,"A pathologist deals with the causes and nature of disease and contributes to diagnosis, prognosis and treatment through knowledge gained by the laboratory application of the biologic, chemical and physical sciences. A pathologist uses information gathered from the microscopic examination of tissue specimens, cells and body fluids, and from clinical laboratory tests on body fluids and secretions for the diagnosis, exclusion and monitoring of disease."
207ZP0105X,Pathology,Clinical Pathology/Laboratory Medicine,"A pathologist deals with the causes and nature of disease and contributes to diagnosis, prognosis and treatment through knowledge gained by the laboratory application of the biologic, chemical and physical sciences. A pathologist uses information gathered from the microscopic examination of tissue specimens, cells and body fluids, and from clinical laboratory tests on body fluids and secretions for the diagnosis, exclusion and monitoring of disease."
207ZC0500X,Pathology,Cytopathology,"A cytopathologist is an anatomic pathologist trained in the diagnosis of human disease by means of the study of cells obtained from body secretions and fluids, by scraping, washing, or sponging the surface of a lesion, or by the aspiration of a tumor mass or body organ with a fine needle.  A major aspect of a cytopathologist's practice is the interpretation of Papanicolaou-stained smears of cells from the female reproductive systems, the ""Pap"" test.  However, the cytopathologist's expertise is applied to the diagnosis of cells from all systems and areas of the body.  He/she is a consultant to all medical specialists."
207ZD0900X,Pathology,Dermatopathology,"A dermatopathologist is an expert in diagnosing and monitoring diseases of the skin including infectious, immunologic, degenerative, and neoplastic diseases.  This entails the examination and interpretation of specially prepared tissue sections, cellular scrapings, and smears of skin lesions by means of light microscopy, electron microscopy, and fluorescence microscopy."
207ZF0201X,Pathology,Forensic Pathology,"A forensic pathologist is expert in investigating and evaluating cases of sudden, unexpected, suspicious and violent death as well as other specific classes of death defined by law. The forensic pathologist serves the public as coroner or medical examiner, or by performing medicolegal autopsies for such officials."
207ZH0000X,Pathology,Hematology,"A hematopathologist is expert in diseases that affect blood cells, blood clotting mechanisms, bone marrow and lymph nodes. This physician has the knowledge and technical skills essential for the laboratory diagnosis of anemias, leukemias, lymphomas, bleeding disorders and blood clotting disorders."
207ZI0100X,Pathology,Immunopathology,A pathologist who specializes in the diagnosis of immunologic diseases.
207ZM0300X,Pathology,Medical Microbiology,"A medical microbiologist is expert in the isolation and identification of microbial agents that cause infectious disease. Viruses, bacteria and fungi, as well as parasites, are identified and, where possible, tested for susceptibility to appropriate antimicrobial agents."
207ZP0007X,Pathology,Molecular Genetic Pathology,"A molecular genetic pathologist is expert in the principles, theory and technologies of molecular biology and molecular genetics. This expertise is used to make or confirm diagnoses of Mendelian genetic disorders, disorders of human development, infectious diseases and malignancies, and to assess the natural history of those disorders. A molecular genetic pathologist provides information about gene structure, function and alteration and applies laboratory techniques for diagnosis, treatment and prognosis for individuals with related disorders."
207ZN0500X,Pathology,Neuropathology,"A neuropathologist is expert in the diagnosis of diseases of the nervous system and skeletal muscles and functions as a consultant primarily to neurologists and neurosurgeons. The neuropathologist is knowledgeable in the infirmities of humans as they affect the nervous and neuromuscular systems, be they degenerative, infectious, metabolic, immunologic, neoplastic, vascular or physical in nature."
207ZP0213X,Pathology,Pediatric Pathology,"A pediatric pathologist is expert in the laboratory diagnosis of diseases that occur during fetal growth, infancy and child development. The practice requires a strong foundation in general pathology and substantial understanding of normal growth and development, along with extensive knowledge of pediatric medicine."
208000000X,Pediatrics,,"A pediatrician is concerned with the physical, emotional and social health of children from birth to young adulthood. Care encompasses a broad spectrum of health services ranging from preventive healthcare to the diagnosis and treatment of acute and chronic diseases. A pediatrician deals with biological, social and environmental influences on the developing child, and with the impact of disease and dysfunction on development."
2080A0000X,Pediatrics,Adolescent Medicine,"A pediatrician who specializes in adolescent medicine is a multi-disciplinary healthcare specialist trained in the unique physical, psychological and social characteristics of adolescents, their healthcare problems and needs."
2080C0008X,Pediatrics,Child Abuse Pediatrics,"A Child Abuse Pediatrician serves as a resource to children, families and communities by accurately diagnosing abuse; consulting with community agencies on child safety; providing expertise in courts of law; treating consequences of abuse and neglect; directing child abuse and neglect prevention programs and participating on multidisciplinary teams investigating; and managing child abuse cases. "
2080I0007X,Pediatrics,Clinical & Laboratory Immunology,A pediatrician who specializes in clinical and laboratory immunology disease management.
2080P0006X,Pediatrics,Developmental - Behavioral Pediatrics,"A developmental-behavioral specialist is a pediatrician with special training and experience who aims to foster understanding and promotion of optimal development of children and families through research, education, clinical care and advocacy efforts. This physician assists in the prevention, diagnosis, and management of developmental difficulties and problematic behaviors in children and in the family dysfunctions that compromise children's development."
2080H0002X,Pediatrics,Hospice and Palliative Medicine,"A pediatrician with special knowledge and skills to prevent and relieve the suffering experienced by patients with life-limiting illnesses. This specialist works with an interdisciplinary hospice or palliative care team to maximize quality of life while addressing physical, psychological, social and spiritual needs of both patient and family throughout the course of the disease, through the dying process, and beyond for the family.  This specialist has expertise in the assessment of patients with advanced disease; the relief of distressing symptoms; the coordination of interdisciplinary patient and family-centered care in diverse venues; the use of specialized care systems including hospice; the management of the imminently dying patient; and legal and ethical decision making in end-of-life care."
2080T0002X,Pediatrics,Medical Toxicology,"Medical toxicologists are physicians that specialize in the prevention, evaluation, treatment and monitoring of injury and illness from exposures to drugs and chemicals, as well as biological and radiological agents. Medical toxicologists care for people in clinical, academic, governmental and public health settings, and provide poison control center leadership. Important areas of medical toxicology include acute drug poisoning, adverse drug events, drug abuse, addiction and withdrawal, chemicals and hazardous materials, terrorism preparedness, venomous bites and stings, and environmental and workplace exposures."
2080N0001X,Pediatrics,Neonatal-Perinatal Medicine,A pediatrician who is the principal care provider for sick newborn infants. Clinical expertise is used for direct patient care and for consulting with obstetrical colleagues to plan for the care of mothers who have high-risk pregnancies.
2080P0008X,Pediatrics,Neurodevelopmental Disabilities,"A pediatrician who specializes in the treatment of individuals with developmental delays and learning disorders associated with cerebral palsy, spina bifida, autism, and other chronic neurologic conditions."
2080B0002X,Pediatrics,Obesity Medicine,"A physician who specializes in the treatment of obesity demonstrates competency in and a thorough understanding of the treatment of obesity and the genetic, biologic, environmental, social, and behavioral factors that contribute to obesity. The obesity medicine physician employs therapeutic interventions including diet, physical activity, behavioral change, and pharmacotherapy. The obesity medicine physician utilizes a comprehensive approach, and may include additional resources such as dietitians, exercise physiologists, mental health professionals and bariatric surgeons as indicated to achieve optimal results. Additionally, the obesity medicine physician maintains competency in providing pre- peri- and post-surgical care of bariatric surgery patients, promotes the prevention of obesity, and advocates for those who suffer from obesity."
2080P0201X,Pediatrics,Pediatric Allergy/Immunology,"A pediatrician who specializes in the diagnosis and treatment of allergies, allergic reactions, and immunologic diseases in children."
2080P0202X,Pediatrics,Pediatric Cardiology,"A pediatric cardiologist provides comprehensive care to patients with cardiovascular problems. This specialist is skilled in selecting, performing and evaluating the structural and functional assessment of the heart and blood vessels, and the clinical evaluation of cardiovascular disease."
2080P0203X,Pediatrics,Pediatric Critical Care Medicine,A pediatrician expert in advanced life support for children from the term or near-term neonate to the adolescent. This competence extends to the critical care management of life-threatening organ system failure from any cause in both medical and surgical patients and to the support of vital physiological functions. This specialist may have administrative responsibilities for intensive care units and also facilitates patient care among other specialists.
2080P0204X,Pediatrics,Pediatric Emergency Medicine,A pediatrician who has special qualifications to manage emergencies in infants and children.
2080P0205X,Pediatrics,Pediatric Endocrinology,"A pediatrician who provides expert care to infants, children and adolescents who have diseases that result from an abnormality in the endocrine glands (glands which secrete hormones). These diseases include diabetes mellitus, growth failure, unusual size for age, early or late pubertal development, birth defects, the genital region and disorders of the thyroid, the adrenal and pituitary glands."
2080P0206X,Pediatrics,Pediatric Gastroenterology,"A pediatrician who specializes in the diagnosis and treatment of diseases of the digestive systems of infants, children and adolescents. This specialist treats conditions such as abdominal pain, ulcers, diarrhea, cancer and jaundice and performs complex diagnostic and therapeutic procedures using lighted scopes to see internal organs."
2080P0207X,Pediatrics,Pediatric Hematology-Oncology,"A pediatrician trained in the combination of pediatrics, hematology and oncology to recognize and manage pediatric blood disorders and cancerous diseases."
2080P0208X,Pediatrics,Pediatric Infectious Diseases,"A pediatrician trained to care for children in the diagnosis, treatment and prevention of infectious diseases. This specialist can apply specific knowledge to affect a better outcome for pediatric infections with complicated courses, underlying diseases that predispose to unusual or severe infections, unclear diagnoses, uncommon diseases and complex or investigational treatments."
2080P0210X,Pediatrics,Pediatric Nephrology,"A pediatrician who deals with the normal and abnormal development and maturation of the kidney and urinary tract, the mechanisms by which the kidney can be damaged, the evaluation and treatment of renal diseases, fluid and electrolyte abnormalities, hypertension and renal replacement therapy."
2080P0214X,Pediatrics,Pediatric Pulmonology,"A pediatrician dedicated to the prevention and treatment of all respiratory diseases affecting infants, children and young adults. This specialist is knowledgeable about the growth and development of the lung, assessment of respiratory function in infants and children, and experienced in a variety of invasive and noninvasive diagnostic techniques."
2080P0216X,Pediatrics,Pediatric Rheumatology,"A pediatrician who treats diseases of joints, muscle, bones and tendons. A pediatric rheumatologist diagnoses and treats arthritis, back pain, muscle strains, common athletic injuries and ""collagen"" diseases."
2080T0004X,Pediatrics,Pediatric Transplant Hepatology,A pediatrician with expertise in transplant hepatology encompasses the special knowledge and skill required of pediatric gastroenterologists to care for patients prior to and following hepatic transplantation; it spans all phases of liver transplantation.
2080S0012X,Pediatrics,Sleep Medicine,"A Pediatrician who practices Sleep Medicine is certified in the subspecialty of sleep medicine and specializes in the clinical assessment, physiologic testing, diagnosis, management and prevention of sleep and circadian rhythm disorders. Sleep specialists treat patients of any age and use multidisciplinary approaches. Disorders managed by sleep specialists include, but are not limited to, sleep related breathing disorders, insomnia, hypersomnias, circadian rhythm sleep disorders, parasomnias and sleep related movement disorders."
2080S0010X,Pediatrics,Sports Medicine,"A pediatrician who is responsible for continuous care in the field of sports medicine, not only for the enhancement of health and fitness, but also for the prevention of injury and illness. A sports medicine physician must have knowledge and experience in the promotion of wellness and the prevention of injury. Knowledge about special areas of medicine such as exercise physiology, biomechanics, nutrition, psychology, physical rehabilitation, epidemiology, physical evaluation, injuries (treatment and prevention and referral practice) and the role of exercise in promoting a healthy lifestyle are essential to the practice of sports medicine. The sports medicine physician requires special education to provide the knowledge to improve the healthcare of the individual engaged in physical exercise (sports) whether as an individual or in team participation."
202K00000X,Phlebology,,"Phlebology is the medical discipline that involves the diagnosis and treatment of venous disorders, including spider veins, varicose veins, chronic venous insufficiency, venous leg ulcers, congenital venous abnormalities, venous thromboembolism and other disorders of venous origin.   A phlebologist has attained a minimum of 50 hours of CME units in phlebology-related courses, and is knowledgeable of and trained in a variety of diagnostic techniques including physical examination, venous imaging techniques such as duplex ultrasound, CT and MR, plethysmographic techniques and laboratory evaluation related to venous thromboembolism.  The phlebologist is also trained in a variety of therapeutic interventions, which may include compression, sclerotherapy, cutaneous vascular laser, endovenous thermoablation procedures (laser and radiofrequency) endovenous chemical ablation, surgical procedures (e.g., ambulatory phlebectomy, venous ligation), vasoactive medications and the management of venous thromboembolism."
208100000X,Physical Medicine & Rehabilitation,,"Physical medicine and rehabilitation, also referred to as rehabilitation medicine, is the medical specialty concerned with diagnosing, evaluating, and treating patients with physical disabilities. These disabilities may arise from conditions affecting the musculoskeletal system such as neck and back pain, sports injuries, or other painful conditions affecting the limbs, such as carpal tunnel syndrome. Alternatively, the disabilities may result from neurological trauma or disease such as spinal cord injury, head injury or stroke. A physician certified in physical medicine and rehabilitation is often called a physiatrist. The primary goal of the physiatrist is to achieve maximal restoration of physical, psychological, social and vocational function through comprehensive rehabilitation. Pain management is often an important part of the role of the physiatrist. For diagnosis and evaluation, a physiatrist may include the techniques of electromyography to supplement the standard history, physical, x-ray and laboratory examinations. The physiatrist has expertise in the appropriate use of therapeutic exercise, prosthetics (artificial limbs), orthotics and mechanical and electrical devices."
2081P0301X,Physical Medicine & Rehabilitation,Brain Injury Medicine,"A Brain Injury Medicine physician specializes in disorders of brain function due to injury and disease.  These disorders encompass a range of medical, physical, neurologic, cognitive, sensory, and behavioral disorders that result in psychosocial, educational, and vocational consequences."
2081H0002X,Physical Medicine & Rehabilitation,Hospice and Palliative Medicine,"A physical medicine and rehabilitation physician with special knowledge and skills to prevent and relieve the suffering experienced by patients with life-limiting illnesses. This specialist works with an interdisciplinary hospice or palliative care team to maximize quality of life while addressing physical, psychological, social and spiritual needs of both patient and family throughout the course of the disease, through the dying process, and beyond for the family.  This specialist has expertise in the assessment of patients with advanced disease; the relief of distressing symptoms; the coordination of interdisciplinary patient and family-centered care in diverse venues; the use of specialized care systems including hospice; the management of the imminently dying patient; and legal and ethical decision making in end-of-life care."
2081N0008X,Physical Medicine & Rehabilitation,Neuromuscular Medicine,"A physician who specializes in neuromuscular medicine possesses specialized knowledge in the science, clinical evaluation and management of these disorders. This encompasses the knowledge of the pathology, diagnosis and treatment of these disorders at a level that is significantly beyond the training and knowledge expected of a general neurologist, child neurologist or physiatrist."
2081P2900X,Physical Medicine & Rehabilitation,Pain Medicine,"A physician who provides a high level of care, either as a primary physician or consultant, for patients experiencing problems with acute, chronic or cancer pain in both hospital and ambulatory settings. Patient care needs may also be coordinated with other specialists. "
2081P0010X,Physical Medicine & Rehabilitation,Pediatric Rehabilitation Medicine,"A physiatrist who utilizes an interdisciplinary approach and addresses the prevention, diagnosis, treatment and management of congenital and childhood-onset physical impairments including related or secondary medical, physical, functional, psychosocial and vocational limitations or conditions, with an understanding of the life course of disability. This physician is trained in the identification of functional capabilities and selection of the best of rehabilitation intervention strategies, with an understanding of the continuum of care."
2081P0004X,Physical Medicine & Rehabilitation,Spinal Cord Injury Medicine,"A physician who addresses the prevention, diagnosis, treatment and management of traumatic spinal cord injury and non-traumatic etiologies of spinal cord dysfunction by working in an interdisciplinary manner. Care is provided to patients of all ages on a lifelong basis and covers related medical, physical, psychological and vocational disabilities and complications. "
2081S0010X,Physical Medicine & Rehabilitation,Sports Medicine,"A physician who specializes in Sports Medicine is responsible for continuous care related to the enhancement of health and fitness as well as the prevention of injury and illness. The specialist possesses knowledge and experience in the promotion of wellness and the prevention of injury from many areas of medicine such as exercise physiology, biomechanics, nutrition, psychology, physical rehabilitation, epidemiology, physical evaluation and injuries. It is the goal of a Sports Medicine specialist to improve the healthcare of the individual engaged in physical exercise."
208200000X,Plastic Surgery,,"A plastic surgeon deals with the repair, reconstruction or replacement of physical defects of form or function involving the skin, musculoskeletal system, craniomaxillofacial structures, hand, extremities, breast and trunk and external genitalia or cosmetic enhancement of these areas of the body. Cosmetic surgery is an essential component of plastic surgery. The plastic surgeon uses cosmetic surgical principles to both improve overall appearance and to optimize the outcome of reconstructive procedures. The surgeon uses aesthetic surgical principles not only to improve undesirable qualities of normal structures but in all reconstructive procedures as well."
2082S0099X,Plastic Surgery,Plastic Surgery Within the Head and Neck,"A plastic surgeon with additional training in plastic and reconstructive procedures within the head, face, neck and associated structures, including cutaneous head and neck oncology and reconstruction, management of maxillofacial trauma, soft tissue repair and neural surgery. The field is diverse and involves a wide age range of patients, from the newborn to the aged. While both cosmetic and reconstructive surgery is practiced, there are many additional procedures which interface with them."
2082S0105X,Plastic Surgery,Surgery of the Hand,"A plastic surgeon with additional training in the investigation, preservation, and restoration by medical, surgical and rehabilitative means of all structures of the upper extremity directly affecting the form and function of the hand and wrist."
2083A0300X,Preventive Medicine,Addiction Medicine,"A physician engaged in the subspecialty practice of Addiction Medicine who specializes in the prevention, evaluation, diagnosis, treatment, and recovery of persons with the disease of addiction."
2083A0100X,Preventive Medicine,Aerospace Medicine,"Aerospace medicine focuses on the clinical care, research, and operational support of the health, safety, and performance of crewmembers and passengers of air and space vehicles, together with the support personnel who assist operation of such vehicles. This population often works and lives in remote, isolated, extreme, or enclosed environments under conditions of physical and psychological stress. Practitioners strive for an optimal human-machine match in occupational settings rich with environmental hazards and engineering countermeasures."
2083C0008X,Preventive Medicine,Clinical Informatics,"Physicians who practice Clinical Informatics collaborate with other health care and information technology professionals to analyze, design, implement and evaluate information and communication systems that enhance individual and population health outcomes, improve patient care, and strengthen the clinician-patient relationship. Clinical Informaticians use their knowledge of patient care combined with their understanding of informatics concepts, methods, and tools to: assess information and knowledge needs of health care professionals and patients; characterize, evaluate, and refine clinical processes; develop, implement, and refine clinical decision support systems; and lead or participate in the procurement, customization, development, implementation, management, evaluation, and continuous improvement of clinical information systems."
2083T0002X,Preventive Medicine,Medical Toxicology,"Medical toxicologists are physicians who specialize in the prevention, evaluation, treatment and monitoring of injury and illness from exposures to drugs and chemicals, as well as biological and radiological agents. Medical toxicologists care for people in clinical, academic, governmental and public health settings, and provide poison control center leadership. Important areas of medical toxicology include acute drug poisoning, adverse drug events, drug abuse, addiction and withdrawal, chemicals and hazardous materials, terrorism preparedness, venomous bites and stings, and environmental and workplace exposures."
2083B0002X,Preventive Medicine,Obesity Medicine,"A physician who specializes in the treatment of obesity demonstrates competency in and a thorough understanding of the treatment of obesity and the genetic, biologic, environmental, social, and behavioral factors that contribute to obesity. The obesity medicine physician employs therapeutic interventions including diet, physical activity, behavioral change, and pharmacotherapy. The obesity medicine physician utilizes a comprehensive approach, and may include additional resources such as dietitians, exercise physiologists, mental health professionals and bariatric surgeons as indicated to achieve optimal results. Additionally, the obesity medicine physician maintains competency in providing pre- peri- and post-surgical care of bariatric surgery patients, promotes the prevention of obesity, and advocates for those who suffer from obesity."
2083X0100X,Preventive Medicine,Occupational Medicine,"Occupational medicine focuses on the health of workers, including the ability to perform work; the physical, chemical, biological, and social environments of the workplace; and the health outcomes of environmental exposures. Practitioners in this field address the promotion of health in the work place, and the prevention and management of occupational and environmental injury, illness, and disability."
2083P0500X,Preventive Medicine,Preventive Medicine/Occupational Environmental Medicine,"A preventive medicine physician who specializes in preventive medicine/occupational-environmental medicine, which is focused on protecting the population from occupational and environmental conditions."
2083P0901X,Preventive Medicine,Public Health & General Preventive Medicine,"Public health and general preventive medicine focuses on promoting health, preventing disease, and managing the health of communities and defined populations. These practitioners combine population-based public health skills with knowledge of primary, secondary, and tertiary prevention-oriented clinical practice in a wide variety of settings."
2083S0010X,Preventive Medicine,Sports Medicine,A preventive medicine physician who specializes in the diagnosis and treatment of sports related conditions and injuries.
2083P0011X,Preventive Medicine,Undersea and Hyperbaric Medicine,"A specialist who treats decompression illness and diving accident cases and uses hyperbaric oxygen therapy to treat such conditions as carbon monoxide poisoning, gas gangrene, non-healing wounds, tissue damage from radiation and burns and bone infections. This specialist also serves as consultant to other physicians in all aspects of hyperbaric chamber operations and assesses risks and applies appropriate standards to prevent disease and disability in divers and other persons working in altered atmospheric conditions."
2084A0401X,Psychiatry & Neurology,Addiction Medicine,A doctor of osteopathy board eligible/certified in the field of Psychiatry by the American Osteopathic Board of Neurology and Psychiatry is able to obtain a Certificate of Added Qualifications in the field of Addiction Medicine
2084P0802X,Psychiatry & Neurology,Addiction Psychiatry,"Addiction Psychiatry is a subspecialty of psychiatry that focuses on evaluation and treatment of individuals with alcohol, drug, or other substance-related disorders, and of individuals with dual diagnosis of substance-related and other psychiatric disorders."
2084B0040X,Psychiatry & Neurology,Behavioral Neurology & Neuropsychiatry,Behavioral Neurology & Neuropsychiatry is a medical subspecialty involving the diagnosis and treatment of neurologically based behavioral issues.
2084P0301X,Psychiatry & Neurology,Brain Injury Medicine,"A Brain Injury Medicine physician specializes in disorders of brain function due to injury and disease.  These disorders encompass a range of medical, physical, neurologic, cognitive, sensory, and behavioral disorders that result in psychosocial, educational, and vocational consequences."
2084P0804X,Psychiatry & Neurology,Child & Adolescent Psychiatry,"Child & Adolescent Psychiatry is a subspecialty of psychiatry with additional skills and training in the diagnosis and treatment of developmental, behavioral, emotional, and mental disorders of childhood and adolescence."
2084N0600X,Psychiatry & Neurology,Clinical Neurophysiology,"Clinical Neurophysiology is a subspecialty with psychiatric or neurologic expertise in the diagnosis and management of central, peripheral, and autonomic nervous system disorders using combined clinical evaluation and electrophysiologic testing such as electroencephalography (EEG), electromyography (EMG), and nerve conduction studies (NCS)."
2084D0003X,Psychiatry & Neurology,Diagnostic Neuroimaging,"A licensed physician, who has completed a residency program in Neurology, and who has additional training, experience, and competence in the standards of performance and interpretation of Magnetic Resonance Imaging (MRI / MRA) of the head, spine, and peripheral nerves, and Computed Tomography (CT) of the head and spine. Physicians are trained in the administration of contrast media and the recognition and treatment of adverse reactions to contrast media. Neuroimaging training encompasses thorough knowledge of clinical neurology, neurophysiology, neuroanatomy, neurochemistry, neuropharmacology, and dynamics of cerebrospinal fluid circulation.  Physicians possess special expertise in the technical aspects and clinical applications of each of the modalities and techniques of neuroimaging."
2084E0001X,Psychiatry & Neurology,Epilepsy,"Epilepsy is a subspecialty of neurology focused on the diagnosis and treatment of patients with epilepsy, including new-onset, medically refractory epilepsy, psychogenic nonepileptic seizures, and epilepsy in special populations (the elderly, women, patients with co-morbidities). Epilepsy is a multidisciplinary field that provides comprehensive care of the patient.<br/>"
2084F0202X,Psychiatry & Neurology,Forensic Psychiatry,"Forensic Psychiatry is a subspecialty with psychiatric focus on interrelationships with civil, criminal and administrative law, evaluation and specialized treatment of individuals involved with the legal system, incarcerated in jails, prisons, and forensic psychiatry hospitals."
2084P0805X,Psychiatry & Neurology,Geriatric Psychiatry,"Geriatric Psychiatry is a subspecialty with psychiatric expertise in prevention, evaluation, diagnosis and treatment of mental and emotional disorders in the elderly, and improvement of psychiatric care for healthy and ill elderly patients."
2084H0002X,Psychiatry & Neurology,Hospice and Palliative Medicine,"A psychiatrist or neurologist with special knowledge and skills to prevent and relieve the suffering experienced by patients with life-limiting illnesses. This specialist works with an interdisciplinary hospice or palliative care team to maximize quality of life while addressing physical, psychological, social and spiritual needs of both patient and family throughout the course of the disease, through the dying process, and beyond for the family.  This specialist has expertise in the assessment of patients with advanced disease; the relief of distressing symptoms; the coordination of interdisciplinary patient and family-centered care in diverse venues; the use of specialized care systems including hospice; the management of the imminently dying patient; and legal and ethical decision making in end-of-life care."
2084A2900X,Psychiatry & Neurology,Neurocritical Care,"The medical subspecialty of Neurocritical Care is devoted to the comprehensive, multisystem care of the critically-ill neurological patient. Like other intensivists, the neurointensivist generally assumes the primary role for coordinating the care of his or her patients in the ICU, both the neurological and medical management of the patient.  They may also provide consultative services for these patients as requested within the health system."
2084P0005X,Psychiatry & Neurology,Neurodevelopmental Disabilities,"A neurologist who specializes in the treatment of individuals with developmental delays and learning disorders associated with cerebral palsy, spina bifida, autism, and other chronic neurologic conditions."
2084N0400X,Psychiatry & Neurology,Neurology,"A Neurologist specializes in the diagnosis and treatment of diseases or impaired function of the brain, spinal cord, peripheral nerves, muscles, autonomic nervous system, and blood vessels that relate to these structures."
2084N0402X,Psychiatry & Neurology,Neurology with Special Qualifications in Child Neurology,"A Child Neurologist specializes in neurology with special skills in diagnosis and treatment of neurologic disorders of the neonatal period, infancy, early childhood, and adolescence."
2084N0008X,Psychiatry & Neurology,Neuromuscular Medicine,"A neurologist or child neurologist who specializes in the diagnosis and management of disorders of nerve, muscle or neuromuscular junction, including amyotrophic lateral sclerosis, peripheral neuropathies (e.g., diabetic and immune mediated neuropathies), various muscular dystrophies, congenital and acquired myopathies, inflammatory myopathies (e.g., polymyositis, inclusion body myositis) and neuromuscular transmission disorders (e.g., myasthenia gravis, Lambert-Eaton myasthenic syndrome)."
2084B0002X,Psychiatry & Neurology,Obesity Medicine,"A physician who specializes in the treatment of obesity demonstrates competency in and a thorough understanding of the treatment of obesity and the genetic, biologic, environmental, social, and behavioral factors that contribute to obesity. The obesity medicine physician employs therapeutic interventions including diet, physical activity, behavioral change, and pharmacotherapy. The obesity medicine physician utilizes a comprehensive approach, and may include additional resources such as dietitians, exercise physiologists, mental health professionals and bariatric surgeons as indicated to achieve optimal results. Additionally, the obesity medicine physician maintains competency in providing pre- peri- and post-surgical care of bariatric surgery patients, promotes the prevention of obesity, and advocates for those who suffer from obesity."
2084P2900X,Psychiatry & Neurology,Pain Medicine,"A neurologist, child neurologists or psychiatrist who provides a high level of care, either as a primary physician or consultant, for patients experiencing problems with acute, chronic or cancer pain in both hospital and ambulatory settings. Patient care needs may also be coordinated with other specialists."
2084P0800X,Psychiatry & Neurology,Psychiatry,"A Psychiatrist specializes in the prevention, diagnosis, and treatment of mental disorders, emotional disorders, psychotic disorders, mood disorders, anxiety disorders, substance-related disorders, sexual and gender identity disorders and adjustment disorders. Biologic, psychological, and social components of illnesses are explored and understood in treatment of the whole person. Tools used may include diagnostic laboratory tests, prescribed medications, evaluation and treatment of psychological and interpersonal problems with individuals and families, and intervention for coping with stress, crises, and other problems."
2084P0015X,Psychiatry & Neurology,Psychosomatic Medicine,"Psychosomatic Medicine is subspecialty in the diagnosis and treatment of psychiatric disorders and symptoms in complex medically ill patients. This subspecialty includes treatment of patients with acute or chronic medical, neurological, obstetrical or surgical illness in which psychiatric illness is affecting their medical care and/or quality of life such as HIV infection, organ transplantation, heart disease, renal failure, cancer, stroke, traumatic brain injury, high-risk pregnancy and COPD, among others. Patients also may be those who have a psychiatric disorder that is the direct consequence of a primary medical condition, or a somatoform disorder or psychological factors affecting a general medical condition. Psychiatrists specializing in Psychosomatic Medicine provide consultation-liaison services in general medical hospitals, attend on medical psychiatry inpatient units, and provide collaborative care in primary care and other outpatient settings."
2084S0012X,Psychiatry & Neurology,Sleep Medicine,"A Psychiatrist or Neurologist who practices Sleep Medicine is certified in the subspecialty of sleep medicine and specializes in the clinical assessment, physiologic testing, diagnosis, management and prevention of sleep and circadian rhythm disorders. Sleep specialists treat patients of any age and use multidisciplinary approaches. Disorders managed by sleep specialists include, but are not limited to, sleep related breathing disorders, insomnia, hypersomnias, circadian rhythm sleep disorders, parasomnias and sleep related movement disorders."
2084S0010X,Psychiatry & Neurology,Sports Medicine,A psychiatrist or neurologist who specializes in the diagnosis and treatment of sports related conditions and injuries.
2084V0102X,Psychiatry & Neurology,Vascular Neurology,"Vascular Neurology is a subspecialty in the evaluation, prevention, treatment and recovery from vascular diseases of the nervous system. This subspecialty includes the diagnosis and treatment of vascular events of arterial or venous origin from a large number of causes that affect the brain or spinal cord such as ischemic stroke, intracranial hemorrhage, spinal cord ischemia and spinal cord hemorrhage."
2085B0100X,Radiology,Body Imaging,A Radiology doctor of Osteopathy that specializes in Body Imaging.
2085D0003X,Radiology,Diagnostic Neuroimaging,"A licensed physician, who has completed a residency program in Neurology, and who has additional training, experience, and competence in the standards of performance and interpretation of Magnetic Resonance Imaging (MRI / MRA) of the head, spine, and peripheral nerves, and Computed Tomography (CT) of the head and spine. Physicians are trained in the administration of contrast media and the recognition and treatment of adverse reactions to contrast media. Neuroimaging training encompasses thorough knowledge of clinical neurology, neurophysiology, neuroanatomy, neurochemistry, neuropharmacology, and dynamics of cerebrospinal fluid circulation.  Physicians possess special expertise in the technical aspects and clinical applications of each of the modalities and techniques of neuroimaging."
2085R0202X,Radiology,Diagnostic Radiology,"A radiologist who utilizes x-ray, radionuclides, ultrasound and electromagnetic radiation to diagnose and treat disease."
2085U0001X,Radiology,Diagnostic Ultrasound,A Radiology doctor of Osteopathy that specializes in Diagnostic Ultrasound.
2085H0002X,Radiology,Hospice and Palliative Medicine,"A radiologist with special knowledge and skills to prevent and relieve the suffering experienced by patients with life-limiting illnesses. This specialist works with an interdisciplinary hospice or palliative care team to maximize quality of life while addressing physical, psychological, social and spiritual needs of both patient and family throughout the course of the disease, through the dying process, and beyond for the family.  This specialist has expertise in the assessment of patients with advanced disease; the relief of distressing symptoms; the coordination of interdisciplinary patient and family-centered care in diverse venues; the use of specialized care systems including hospice; the management of the imminently dying patient; and legal and ethical decision making in end-of-life care."
2085N0700X,Radiology,Neuroradiology,"A radiologist who diagnoses and treats diseases utilizing imaging procedures as they relate to the brain, spine and spinal cord, head, neck and organs of special sense in adults and children."
2085N0904X,Radiology,Nuclear Radiology,A radiologist who is involved in the analysis and imaging of radionuclides and radiolabeled substances in vitro and in vivo for diagnosis and the administration of radionuclides and radiolabeled substances for the treatment of disease.
2085P0229X,Radiology,Pediatric Radiology,"A radiologist who is proficient in all forms of diagnostic imaging as it pertains to the treatment of diseases in the newborn, infant, child and adolescent. This specialist has knowledge of both imaging and interventional procedures related to the care and management of diseases of children. A pediatric radiologist must be highly knowledgeable of all organ systems as they relate to growth and development, congenital malformations, diseases peculiar to infants and children and diseases that begin in childhood but cause substantial residual impairment in adulthood."
2085R0001X,Radiology,Radiation Oncology,"A radiologist who deals with the therapeutic applications of radiant energy and its modifiers and the study and management of disease, especially malignant tumors."
2085R0205X,Radiology,Radiological Physics,"A radiological physicist deals with the diagnostic and therapeutic applications of roentgen rays, gamma rays from sealed sources, ultrasonic radiation and radio-frequency radiation, as well as the equipment associated with their production and use, including radiation safety."
2085R0203X,Radiology,Therapeutic Radiology,Definition to come...
2085R0204X,Radiology,Vascular & Interventional Radiology,"A radiologist who diagnoses and treats diseases by various radiologic imaging modalities. These include fluoroscopy, digital radiography, computed tomography, sonography and magnetic resonance imaging."
208600000X,Surgery,,"A general surgeon has expertise related to the diagnosis - preoperative, operative and postoperative management - and management of complications of surgical conditions in the following areas: alimentary tract; abdomen; breast, skin and soft tissue; endocrine system; head and neck surgery; pediatric surgery; surgical critical care; surgical oncology; trauma and burns; and vascular surgery. General surgeons increasingly provide care through the use of minimally invasive and endoscopic techniques. Many general surgeons also possess expertise in transplantation surgery, plastic surgery and cardiothoracic surgery."
2086H0002X,Surgery,Hospice and Palliative Medicine,"A surgeon with special knowledge and skills to prevent and relieve the suffering experienced by patients with life-limiting illnesses. This specialist works with an interdisciplinary hospice or palliative care team to maximize quality of life while addressing physical, psychological, social and spiritual needs of both patient and family throughout the course of the disease, through the dying process, and beyond for the family.  This specialist has expertise in the assessment of patients with advanced disease; the relief of distressing symptoms; the coordination of interdisciplinary patient and family-centered care in diverse venues; the use of specialized care systems including hospice; the management of the imminently dying patient; and legal and ethical decision making in end-of-life care."
2086S0120X,Surgery,Pediatric Surgery,"A surgeon with expertise in the management of surgical conditions in premature and newborn infants, children and adolescents."
2086S0122X,Surgery,Plastic and Reconstructive Surgery,A surgeon who specializes in plastic and reconstructive surgery.
2086S0105X,Surgery,Surgery of the Hand,"A surgeon with expertise in the investigation, preservation and restoration by medical, surgical and rehabilitative means, of all structures of the upper extremity directly affecting the form and function of the hand and wrist."
2086S0102X,Surgery,Surgical Critical Care,"A surgeon with expertise in the management of the critically ill and postoperative patient, particularly the trauma victim, who specializes in critical care medicine diagnoses, treats and supports patients with multiple organ dysfunction. This specialist may have administrative responsibilities for intensive care units and may also facilitate and coordinate patient care among the primary physician, the critical care staff and other specialists."
2086X0206X,Surgery,Surgical Oncology,"A surgical oncologist is a well-qualified surgeon who has obtained additional training and experience in the multidisciplinary approach to the prevention, diagnosis, treatment, and rehabilitation of cancer patients, and devotes a major portion of his or her professional practice to these activities and cancer research."
2086S0127X,Surgery,Trauma Surgery,"Trauma surgery is a recognized subspecialty of general surgery. Trauma surgeons are physicians who have completed a five-year general surgery residency and usually continue with a one to two year fellowship in trauma and/or surgical critical care, typically leading to additional board certification in surgical critical care. There is no trauma surgery board certification at this point. To obtain board certification in surgical critical care, a fellowship in surgical critical care or anesthesiology critical care must be completed during or after general surgery residency."
2086S0129X,Surgery,Vascular Surgery,"A surgeon with expertise in the management of surgical disorders of the blood vessels, excluding the intracranial vessels or the heart."
208G00000X,Thoracic Surgery (Cardiothoracic Vascular Surgery),,"A thoracic surgeon provides the operative, perioperative and critical care of patients with pathologic conditions within the chest. Included is the surgical care of coronary artery disease, cancers of the lung, esophagus and chest wall, abnormalities of the trachea, abnormalities of the great vessels and heart valves, congenital anomalies, tumors of the mediastinum and diseases of the diaphragm. The management of the airway and injuries of the chest is within the scope of the specialty."
204F00000X,Transplant Surgery,,A surgeon who specializes in transplant surgery.
208800000X,Urology,,"A urologist manages benign and malignant medical and surgical disorders of the genitourinary system and the adrenal gland. This specialist has comprehensive knowledge of and skills in endoscopic, percutaneous and open surgery of congenital and acquired conditions of the urinary and reproductive systems and their contiguous structures."
2088F0040X,Urology,Urogynecology and Reconstructive Pelvic Surgery,"A subspecialist in Urogynecology and Reconstructive Pelvic Surgery is a physician in Urology or Obstetrics and Gynecology who, by virtue of education and training, is prepared to provide consultation and comprehensive management of women with complex benign pelvic conditions, lower urinary tract disorders, and pelvic floor dysfunction. Comprehensive management includes those diagnostic and therapeutic procedures necessary for the total care of the patient with these conditions and complications resulting from them."
2088P0231X,Urology,Pediatric Urology,"Surgeons who can diagnose, treat, and manage children's urinary and genital problems. A pediatric urologist devotes a minimum of 50% of his or her practice to the urologic problems of infants, children, and adolescents.  Pediatric urologists generally provide the following services:  the evaluation and management of voiding disorders; vesicoureteral reflux, and urinary tract infections that require surgery; surgical reconstruction of the urinary tract (kidneys, ureters, and bladder) including genital abnormalities, hypospadias, and intersex conditions; surgery for groin conditions in childhood and adolescence (undescended testes, hydrocele/hernia, varicocele)."
106E00000X,Assistant Behavior Analyst,,"An assistant behavior analyst is qualified by Behavior Analyst Certification Board certification and/or a state-issued license or credential in behavior analysis to practice under the supervision of an appropriately credentialed professional behavior analyst. An assistant behavior analyst delivers services consistent with the dimensions of applied behavior analysis and supervision requirements defined in state laws or regulations and/or national certification standards. Common services may include, but are not limited to, conducting behavioral assessments, analyzing data, writing behavior-analytic treatment plans, training and supervising others in implementation of components of treatment plans, and direct implementation of treatment plans."
106S00000X,Behavior Technician,,"The behavior technician is a paraprofessional who practices under the close, ongoing supervision of a behavior analyst or assistant behavior analyst certified by the Behavior Analyst Certification Board and/or credentialed by a state (such as through licensure). The behavior technician is primarily responsible for the implementation of components of behavior-analytic treatment plans developed by the supervisor. That may include collecting data on treatment targets and conducting certain types of behavioral assessments (e.g., stimulus preference assessments). The behavior technician does not design treatment or assessment plans or procedures but provides services as assigned by the supervisor responsible for his or her work."
103K00000X,Behavior Analyst,,"A behavior analyst is qualified by at least a master's degree and Behavior Analyst Certification Board certification and/or a state-issued credential (such as a license) to practice behavior analysis independently. Behavior analysts provide the required supervision to assistant behavior analysts and behavior technicians. A behavior analyst delivers services consistent with the dimensions of applied behavior analysis. Common services may include, but are not limited to, conducting behavioral assessments, analyzing data, writing and revising behavior-analytic treatment plans, training others to implement components of treatment plans, and overseeing implementation of treatment plans."
103G00000X,Clinical Neuropsychologist,,A clinical psychologist who applies principles of assessment and intervention based upon the scientific study of human behavior as it relates to normal and abnormal functioning of the central nervous system. The specialty is dedicated to enhancing the understanding of brain-behavior relationships and the application of such knowledge to human problems.
103GC0700X,Clinical Neuropsychologist,Clinical,
101Y00000X,Counselor,,A provider who is trained and educated in the performance of behavior health services through interpersonal communications and analysis. Training and education at the specialty level usually requires a master's degree and clinical experience and supervision for licensure or certification.
101YA0400X,Counselor,Addiction (Substance Use Disorder),Definition to come...
101YM0800X,Counselor,Mental Health,Definition to come...
101YP1600X,Counselor,Pastoral,Definition to come...
101YP2500X,Counselor,Professional,Definition to come...
101YS0200X,Counselor,School,Definition to come...
101200000X,Drama Therapist,,"Drama therapists are trained in the intentional use of drama and theatre processes to achieve therapeutic goals. Drama therapists provide psychotherapy for individuals living with mental health and behavioral concerns that may result in psychological suffering, impaired relationships, or distress in daily activities. Drama therapy promotes wellness and healing within the context of a therapeutic relationship for individuals of varying ability levels across the lifespan. Drama therapy can take many forms depending on individual and group needs, skill and ability levels, interests, and therapeutic goals. Processes and techniques may include improvisation, theater games, storytelling, and enactment."
106H00000X,Marriage & Family Therapist,,"A marriage and family therapist is a person with a master's degree in marriage and family therapy, or a master's or doctoral degree in a related mental health field with substantially equivalent coursework in marriage and family therapy, who receives supervised clinical experience, or a person who meets the state requirements to practice as a marriage and family therapist.  A marriage and family therapist treats mental and emotional disorders within the context of marriage and family systems.   A marriage and family therapist provides mental health and counseling services to individuals, couples, families, and groups."
102X00000X,Poetry Therapist,,"A medical or mental health professional who has attained credentials after satisfactorily completing a poetry therapy training program approved by the National Federation for Biblio/Poetry Therapy (NFBPT). Training includes didactic work, peer group experience, and supervised practicum.<br/>An NFBPT credentialed certified poetry therapist (CPT) or registered poetry therapist (PTR) integrates discussion of published literature and reflective or creative writing into the psychotherapeutic process to achieve goals of emotional well-being, symptom reduction, and improved interpersonal communication.<br/>Certified poetry therapists and registered poetry therapists are licensed mental health professionals with advanced training in the theory and practice of poetry therapy. CPTs and PTRs are qualified to work independently with emotionally troubled populations in clinical, rehabilitative, community and educational institutions. They also work with emotionally healthy individuals adjusting to developmental issues, life crises, or disabilities. The PTR completes an advanced level of training and fieldwork, commensurate with the highest levels of clinical practice. The terms poetry therapy, applied poetry facilitation, journal therapy, bibliotherapy, biblio/poetry therapy, and poetry/journal therapy reflect the interactive use of literature and/or writing to promote personal growth and emotional healing. In addition to poetry, poetry therapy applies all forms or written and spoken language including story, myth, folk and fairy tale and other genres of poetic expression as well as journal, memoir, and narrative. The poetry therapy process integrates discussion of published literature and reflective or creative writing for expression and communication of thoughts and feelings to facilitate participants' emotional well-being. The field of poetry therapy encompasses all of these modalities, though only a duly trained and licensed clinical practitioner can be credentialed as CPT or PTR."
102L00000X,Psychoanalyst,,"Psychoanalysis is a comprehensive, theoretical framework which, when applied to a treatment process, consists of an intensive verbal, therapeutic relationship between an analyst and an analysand which aims for symptom relief, emotional growth, and personal integration. The psychoanalytic treatment process includes, but is not limited to, the recognition of unconscious processes and conflicts; the significance of developmental influences; and the impact of resistances, defenses, transference and countertransference phenomena. Treatment is enhanced by an understanding developed in the analyst's training and personal analysis of unconscious manifestations, such as dreams, slips of the tongue, fantasies and day dreams. Psychoanalytic technique varies in relation to theoretical orientation."
103T00000X,Psychologist,,"A psychologist is an individual who is licensed to practice psychology which is defined as the observation, description, evaluation, interpretation, and modification of human behavior by the application of psychological principles, methods, and procedures, for the purpose of preventing or eliminating symptomatic, maladaptive, or undesired behavior and of enhancing interpersonal relationships, work and life adjustment, personal effectiveness, behavioral health, and mental health.  The practice of psychology includes, but is not limited to, psychological testing and the evaluation or assessment of personal characteristics, such as intelligence, personality, abilities, interests, aptitudes, and neuropsychological functioning; counseling, psychoanalysis, psychotherapy, hypnosis, biofeedback, and behavior analysis and therapy; diagnosis and treatment of mental and emotional disorder or disability, alcoholism and substance abuse, disorders of habit or conduct, as well as of the psychological aspects of physical illness, accident, injury, or disability; and psycheducational evaluation, therapy, remediation, and consultation.  Psychological services may be rendered to individuals, families, groups and the public."
103TA0400X,Psychologist,Addiction (Substance Use Disorder),"A psychologist with a proficiency that involves the application of psychological treatment of addiction stemming from the use of alcohol and other psychoactive substances (e.g., nicotine, marijuana, cocaine, heroin) or behavioral addictions (e.g., gambling) with the aim of cessation or reduction of use and/or the amelioration of emotional, behavioral, interpersonal and other problems arising from the addictive behavior."
103TA0700X,Psychologist,Adult Development & Aging,"A psychologist who specializes in geropsychology, which applies the knowledge and methods of psychology to understanding and helping older persons and their families to maintain well-being, overcome problems and achieve maximum potential during later life. Professional geropsychology appreciates the wide diversity among older adults, the complex ethical issues that can arise in geriatric practice and the importance of interdisciplinary models of care."
103TC0700X,Psychologist,Clinical,"A psychologist who provides continuing and comprehensive mental and behavioral health care for individuals and families; consultation to agencies and communities; training, education and supervision; and research-based practice. It is a specialty in breadth -- one that is broadly inclusive of severe psychopathology -- and marked by comprehensiveness and integration of knowledge and skill from a broad array of disciplines within and outside of psychology proper. The scope of clinical psychology encompasses all ages, multiple diversities and varied systems."
103TC2200X,Psychologist,Clinical Child & Adolescent,"A psychologist who develops and applies scientific knowledge to the delivery of psychological services to infants, toddlers, children and adolescents within their social context.  Of particular importance to the specialty of clinical child psychology is an understanding of the basic psychological needs of children and adolescents, and how the family and other social contexts influence the socio-emotional adjustment, cognitive development, behavioral adaptation and health status of children and adolescents."
103TB0200X,Psychologist,Cognitive & Behavioral,A psychologist who reflects an experimental-clinical approach distinguished by use of principles of human learning and development and theories of cognitive processing to promote meaningful change in maladaptive human behavior and thinking.
103TC1900X,Psychologist,Counseling,"A psychologist who specializes in general practice and health service. It focuses on how people function both personally and in their relationships at all ages. Counseling psychology addresses the emotional, social, work, school and physical health concerns people may have at different stages in their lives, focusing on typical life stresses and more severe issues with which people may struggle as individuals and as a part of families, groups and organizations. Counseling psychologists help people with physical, emotional and mental health issues improve their sense of well-being, alleviate feelings of distress and resolve crises. They also provide assessment, diagnosis, and treatment of more severe psychological symptoms."
103TE1000X,Psychologist,Educational,
103TE1100X,Psychologist,Exercise & Sports,"A psychologist with a proficiency in sports psychology that uses psychological knowledge and skills to address optimal performance and well-being of athletes, developmental and social aspects of sports participation, and systemic issues associated with sports settings and organizations. APA recognizes sport psychology as a proficiency acquired after a doctoral degree in one of the primary areas of psychology and licensure as a psychologist. This proficiency does not include those who have earned a doctoral degree in sport psychology but are not licensed psychologists. Sport Psychology interventions are designed to assist athletes and other sports participants (e.g., coaches, administrators, parents) from a wide array of settings, levels of competition, and ages, ranging from recreational youth participants to professional and Olympic athletes to master's level performers."
103TF0000X,Psychologist,Family,"A psychologist whose specialty is founded on principles of systems theory with the interpersonal system of the family the focus of assessment, intervention and research."
103TF0200X,Psychologist,Forensic,A psychologist whose specialty is characterized by activities primarily intended to provide professional psychological expertise within the judicial and legal systems.
103TP2701X,Psychologist,Group Psychotherapy,"A psychologist who specializes in group psychology and group psychotherapy that is an evidenced-based specialty that prepares group leaders to identify and capitalize on developmental and healing possibilities embedded in the interpersonal/intrapersonal functioning of individual group members as well as collectively for the group.  Emphasis is placed on the use of group dynamics to assist and treat individual group members.  The specialty is applicable to all age groups, children, adolescents, adults and older adults, for a wide variety of conditions and concerns, and in numerous and diverse settings."
103TH0004X,Psychologist,Health,"A psychologist who specializes in clinical health psychology that investigates and implements clinical services across diverse populations and settings to promote health and well-being and to prevent, treat, and manage illness and disability.  Clinical health psychology sees health as the confluence of psychological, social, cultural, and biological factors and applies this understanding to professional activities including:<br/>* Research<br/>* Clinical service<br/>* Consulting with, educating, and supervising other health care providers and psychologists<br/>* Advising organizations, institutions, the public, and policymakers"
103TH0100X,Psychologist,Health Service,"A psychologist, certified/licensed at the independent practice level in his/her state, who is duly trained and experienced in the delivery of direct, preventative, assessment, and therapeutic intervention services to individuals whose growth, adjustment, or functioning is actually impaired or is demonstrably at high risk of impairment (1974)."
103TM1700X,Psychologist,Men & Masculinity,
103TM1800X,Psychologist,Intellectual & Developmental Disabilities,Definition to come...
103TP0016X,Psychologist,Prescribing (Medical),"A licensed, doctoral-level psychologist authorized to prescribe and has undergone specialized education and training in preparation for prescriptive practice and has passed an examination accepted by the state board of psychology relevant to establishing competence for prescribing, and has received from the state board of psychology a current certificate granting prescriptive authority, which has not been revoked or suspended."
103TP0814X,Psychologist,Psychoanalysis,"A psychologist whose specialty is distinguished from other specialties by its body of knowledge and its intensive treatment approaches. It aims at structural changes and modifications of a person's personality. Psychoanalysis promotes awareness of unconscious, maladaptive and habitually recurrent patterns of emotion and behavior, allowing previously unconscious aspects of the self to become integrated and promoting optimal functioning, healing and creative expression."
103TP2700X,Psychologist,Psychotherapy,
103TR0400X,Psychologist,Rehabilitation,"A psychologist who specializes in the study and application of psychological principles on behalf of persons who have disability due to injury or illness. Rehabilitation psychologists, often within teams, assess and treat cognitive, emotional, and functional difficulties, and help people to overcome barriers to participation in life activities. Rehabilitation psychologists are involved in practice, research, and advocacy, with the broad goal of fostering independence and opportunity for people with disabilities."
103TS0200X,Psychologist,School,"A psychologist whose specialty is concerned with the science and practice of psychology with children, youth, families; learners of all ages; and the schooling process. The basic education and training of school psychologists prepares them to provide a range of psychological diagnosis, assessment, intervention, prevention, health promotion, and program development and evaluation services with a special focus on the developmental processes of children and youth within the context of schools, families and other systems.  School psychologists are prepared to intervene at the individual and system level, and develop, implement, and evaluate preventive programs. In these efforts, they conduct ecologically valid assessments and intervene to promote positive learning environments within which children and youth from diverse backgrounds to ensure that all have equal access to effective educational and psychological services that promote healthy development"
103TW0100X,Psychologist,Women,
104100000X,Social Worker,,"A social worker is a person who is qualified by a Social Work degree, and licensed, certified or registered by the state as a social worker to practice within the scope of that license.  A social worker provides assistance and counseling to clients and their families who are dealing with social, emotional and environmental problems. Social work services may be rendered to individuals, families, groups, and the public."
1041C0700X,Social Worker,Clinical,"A social worker who holds a master's or doctoral degree in social work from an accredited school of social work in addition to at least two years of post-master's supervised experience in a clinical setting. The social worker must be licensed, certified, or registered at the clinical level in the jurisdiction of practice. A clinical social worker provides direct services, including interventions focused on interpersonal interactions, intrapsychic dynamics, and life management issues. Clinical social work services are based on bio-psychosocial perspectives. Services consist of assessment, diagnosis, treatment (including psychotherapy and counseling), client-centered advocacy, consultation, evaluation, and prevention of mental illness, emotional, or behavioral disturbances."
1041S0200X,Social Worker,School,Definition to come...
111N00000X,Chiropractor,,"A provider qualified by a Doctor of Chiropractic (D.C.), licensed by the State and who practices chiropractic medicine -that discipline within the healing arts which deals with the nervous system and its relationship to the spinal column and its interrelationship with other body systems."
111NI0013X,Chiropractor,Independent Medical Examiner,"A special evaluator not involved with the medical care of the individual examinee that impartially evaluates the care being provided by other practitioners to clarify clinical, disability, liability or other case issues."
111NI0900X,Chiropractor,Internist,"The chiropractic internist may serve as a primary care physician or may see patients referred from other providers for evaluation and co-management. Evaluation is focused on the early detection of functional, nutritional, and pathological disorders. A chiropractic internist utilizes the diagnostic instruments necessary for proper examination. In cases where laboratory examination is necessary, a chiropractic internist utilizes a recognized reference laboratory facility. A chiropractic internist may manage his or her own cases or may refer to another specialist when prudent to do so. The chiropractic internist utilizes documented natural therapies, therapeutic lifestyle changes, patient education and other resources to promote patient health and avoidance of disease."
111NN0400X,Chiropractor,Neurology,"Chiropractic Neurology is defined as the field of functional neurology that engages the internal - and external environment of the individual in a structured and targeted approach to affect positive changes in the nervous system and consequently the physiology and behavior of an individual. Chiropractic Neurologists are board-certified specialists in non-drug, non-surgical care for those with neurologically based health problems. There are many conditions people suffer from that are in this broad category: learning and attention disorders, headaches, vertigo, pain syndromes, developmental disorders, nerve injury, spinal cord injury, head injury or stroke, movement disorders, and many other conditions."
111NN1001X,Chiropractor,Nutrition,"Chiropractic Nutrition is that specialty within the chiropractic profession that deals with the overall factors that affect the patient's ability to maintain the manipulative correction and thus sustain better neurological integrity. The Chiropractic Nutrition Specialist will perform extensive research on the patient's previous health history, ethnicity, and any family history related to what the patient is being treated for. Patients fill out questionnaires concerning dietary and sleep patterns and previous or present symptomology. A nutrition examination would be performed to assess areas such as absorption rates, adrenal function, kidney health, lung health etc. The patient is often instructed on how to check the pH of their saliva and urine, test for the presence of Candida Albicans, etc., at home. Outside laboratory testing includes blood, urine, hair analysis, food allergy testing etc. The patient's prescription and over the counter medications are recorded and analyzed."
111NX0100X,Chiropractor,Occupational Health,"Occupational Health is that specialty within the chiropractic profession that deals with the prevention and management of work related injuries. It also considers and assists clients with State and Federal Compliance assistance. Occupational Health goes much farther than simply treating injured workers however. This may mean working with clients to promote optimum safety and ergonomic principles, interacting with the injured worker to promote safety and prevent future injuries, assisting a company with accident investigation to identify root cause, redesigning a workstation to eliminate hazards, working with safety teams, providing training programs etc. The list of potential services that the specialist can interact with a client company or patient is lengthy and varied involving both in office services as well as on site services."
111NX0800X,Chiropractor,Orthopedic,"Chiropractic Orthopedics is defined as that branch of chiropractic medicine that includes the continued acquisition of knowledge relative to both normal functions and diseases of the human body as they relate to the bones, joints, capsules, discs, muscles, ligaments, tendons, their complete neurological and vascular components, referred organ systems and contiguous tissues. This also includes the development and perfection of skills relative to health maintenance when such exists and when not, the investigations, historical review, physical detection, correlative diagnosis development and complete management of any disorder within the bounds defined herein. Also necessary is the delivery of the combined knowledge and skill on a primary basis to patients who both need and desire this service to the eventual outcome of remissions, whenever resolution is not readily achievable. In addition the certified chiropractic orthopedist provides consultation services at the request of other qualified doctors seeking assistance in the care of their patients. The chiropractic orthopedist may also engage in the teaching and or research of subjects and materials relevant to pursuing the quest for knowledge in the ever changing field of the orthopedic specialty."
111NP0017X,Chiropractor,Pediatric Chiropractor,"The Pediatric Chiropractor is a chiropractor with specialized, advanced training and certification in the evaluation, care and management of health and wellness conditions of infancy, childhood and adolescence.  This specialist provides primary, comprehensive, therapeutic and preventative chiropractic health care for newborns through adolescents."
111NR0200X,Chiropractor,Radiology,"Chiropractic radiology is a referral specialty that provides consultation services at the request of other qualified doctors. Chiropractic radiologists provide consultation in health care facilities (private offices, hospitals and teaching institutions) to meet the needs of referring doctors and their patients. The quality of the consultative services by the chiropractic radiologist in independent practice is reflected by the quality of their professional credentials. Chiropractic radiologists recommend, supervise, and interpret radiologic studies as well as advanced imaging procedures. They advise referring physicians on the necessity and appropriateness of radiologic services and whether to select or to avoid certain diagnostic or clinical procedures. In some instances the radiologist may act as a private practitioner. They may conduct research and apply diagnostic radiologic procedures and may be called upon to act as expert witnesses in matters of litigation.<br/>Chiropractic radiologists are also concerned with imaging technology including image production, demonstration of normal and abnormal anatomy, and the interaction of energy and matter. The advances in the technological facets of radiology are so rapid that only qualified radiologists can reasonably be expected to maintain the high level of proficiency required to supervise and interpret these procedures. The practice of radiology continuously involves the application of this technology to patient imaging and treatment. It is now well recognized that chiropractic radiology includes, but is not limited to, plain film radiography, fluoroscopy, tomography, ultrasonography, radioisotope imaging, computed tomography, digital radiography, and magnetic resonance imaging. Individual practices may vary by intent, licensure, and scope of practice laws."
111NR0400X,Chiropractor,Rehabilitation,"Rehabilitation is the discipline focused on restoring a patient's functional abilities to pre-injury or pre-disease status. Functional abilities are defined as those activities in one's daily life, work, or sports and recreational activities that an individual participates in. Relevant impairments (e.g. strength, endurance, flexibility, motor control, etc.) are often intermediate goals of rehabilitation, but the final goal of successful care is return to participation in activities in which the patient was successful before the onset of the injury or disease. Essential to a rehabilitation approach is a focus on patient-centered outcomes such as independence and self-management or self-care skills."
111NS0005X,Chiropractor,Sports Physician,"A sports chiropractor is uniquely trained to provide care and treatment of injuries or illness resulting from sports and physical fitness activities.  Doctors of Chiropractic with the Diplomate American Chiropractic Board of Sports Physicians (DACBSP) or the Certified Chiropractic Sports Physician (CCSP), sport specialty certifications from the American Chiropractic Board of Sports Physicians, have advanced training in the assessment, management and rehabilitation of sports related injuries. Extremity care, rehabilitation and soft tissue procedures are common skills utilized by these doctors. The specialty training covers a broad spectrum from the pediatric athlete to professional and Olympic athletes, and everything in between, using a variety of techniques and modalities."
111NT0100X,Chiropractor,Thermography,The NUCC recommends this code not be used. Choose a more appropriate code.
125K00000X,Advanced Practice Dental Therapist,,"An Advanced Practice Dental Therapist is:<br/>(1) A dental therapist who has completed additional training beyond basic dental therapy education and provides dental services in accordance with state advanced practice dental therapist laws or statutes; or<br/>(2) A dental hygienist with a graduate degree in advanced dental therapy prepared for independent and interdependent decision making and direct accountability for clinical judgment across the dental health care continuum.<br/>The individual has been authorized by the relevant state board or a tribal entity to provide services under the remote supervision of a dentist. The functions of the advanced practice dental therapist vary based on the needs of the dentist, the educational preparation of the advanced practice dental therapist and state dental practice acts and regulations."
126800000X,Dental Assistant,,"An individual who may or may not have completed an accredited dental assisting education program and who aids the dentist in providing patient care services and performs other nonclinical duties in the dental office or other patient care facility.  The scope of the patient care functions that may be legally delegated to the dental assistant varies based on the needs of the dentist the educational preparation of the dental assistant and state dental practice acts and regulations.  Patient care services are provided under the supervision of a dentist.  To avoid misleading the public, no occupational title other than dental assistant should be used to describe this dental auxiliary."
124Q00000X,Dental Hygienist,,"An individual who has completed an accredited dental hygiene education program, and an individual who has been licensed by a state board of dental examiners to provide preventive care services under the supervision of a dentist.  Functions that may be legally delegated to the dental hygienist vary based on the needs of the dentist, the educational preparation of the dental hygienist and state dental practice acts and regulations, but always include, at a minimum, scaling and polishing the teeth.  To avoid misleading the public, no occupational title other than dental hygienist should be used to describe this dental auxiliary."
126900000X,Dental Laboratory Technician,,"An individual who has the skill and knowledge in the fabrication of dental appliances, prostheses and devices in accordance with a dentist's laboratory work authorization.  To avoid misleading the public, no occupational title other than dental laboratory technician or certified dental technician (when appropriate) should be used to describe this auxiliary."
125J00000X,Dental Therapist,,"A Dental Therapist is an individual who has completed an accredited or non-accredited dental therapy program and who has been authorized by the relevant state board or a tribal entity to provide services within the scope of their practice under the supervision of a dentist. Functions that may be delegated to the dental therapist vary based on the needs of the dentist, the educational preparation of the dental therapist and state dental practice acts and regulations."
122300000X,Dentist,,"A dentist is a person qualified by a doctorate in dental surgery (D.D.S.) or dental medicine (D.M.D.), licensed by the state to practice dentistry, and practicing within the scope of that license.  There is no difference between the two degrees: dentists who have a DMD or DDS have the same education.  Universities have the prerogative to determine what degree is awarded.  Both degrees use the same curriculum requirements set by the American Dental Association's Commission on Dental Accreditation.  Generally, three or more years of undergraduate education plus four years of dental school is required to graduate and become a general dentist.  State licensing boards accept either degree as equivalent, and both degrees allow licensed individuals to practice the same scope of general dentistry.  Additional post-graduate training is required to become a dental specialist."
1223D0001X,Dentist,Dental Public Health,"The science and art of preventing and controlling dental diseases and promoting dental health through organized community efforts.  It is that form of dental practice that serves the community as a patient rather than the individual.  It is concerned with the dental health education of the public, with applied dental research, and with the administration of group dental care programs as well as the prevention and control of dental diseases on a community basis."
1223D0004X,Dentist,Dentist Anesthesiologist,"A dentist who has successfully completed an accredited postdoctoral anesthesiology residency training program for dentists of two or more years duration, in accord with Commission on Dental Accreditation's Standards for Dental Anesthesiology Residency Programs, and/or meets the eligibility requirements for examination by the American Dental Board of Anesthesiology."
1223E0200X,Dentist,Endodontics,"The branch of dentistry that is concerned with the morphology, physiology and pathology of the human dental pulp and periradicular tissues.  Its study and practice encompass the basic and clinical sciences including biology of the normal pulp, the etiology, diagnosis, prevention and treatment of diseases and injuries of the pulp and associated periradicular conditions."
1223G0001X,Dentist,General Practice,"A general dentist is the primary dental care provider for patients of all ages. The general dentist is responsible for the diagnosis, treatment, management and overall coordination of services related to patients' oral health needs. "
1223P0106X,Dentist,Oral and Maxillofacial Pathology,"The specialty of dentistry and discipline of pathology that deals with the nature, identification, and management of diseases affecting the oral and maxillofacial regions.  It is a science that investigates the causes, processes, and effects of these diseases.  The practice of oral and maxillofacial pathology includes research and diagnosis of diseases using clinical, radiographic, microscopic, biochemical, or other examinations."
1223X0008X,Dentist,Oral and Maxillofacial Radiology,"The specialty of dentistry and discipline of radiology concerned with the production and interpretation of images and data produced by all modalities of radiant energy that are used for the diagnosis and management of diseases, disorders and conditions of the oral and maxillofacial region."
1223S0112X,Dentist,Oral and Maxillofacial Surgery,"The specialty of dentistry which includes the diagnosis, surgical and adjunctive treatment of diseases, injuries and defects involving both the functional and esthetic aspects of the hard and soft tissues of the oral and maxillofacial region."
125Q00000X,Dentist,Oral Medicine,"Oral Medicine is the specialty of dentistry responsible for the oral health care of medically complex patients and for the diagnosis and management of medically related diseases, disorders and conditions affecting the oral and maxillofacial region. Oral Medicine specialists have training and expertise in the diagnosis and management of oral and mucosal diseases, medical management of maxillofacial pathologies from hematology and oncology, organ transplant services, autoimmune disorders, including acute and chronic pain conditions of oral & maxillofacial region. Oral Medicine specialists co-manage oral and maxillofacial conditions and diseases in collaboration with medical specialists and other dentists in hospitals and outpatient medical clinics, particularly in the management of patients with complex medical conditions requiring multidisciplinary healthcare intervention."
1223X2210X,Dentist,Orofacial Pain,"A dentist who assesses, diagnoses, and treats patients with complex chronic orofacial pain and dysfunction disorders, oromotor and jaw behavior disorders, and chronic head/neck pain.  The dentist has successfully completed an accredited postdoctoral orofacial pain residency training program for dentists of two or more years duration, in accord with the Commission on Dental Accreditation's Standards for Orofacial Pain Residency Programs, and/or meets the requirements for examination and board certification by the American Board of Orofacial Pain."
1223X0400X,Dentist,Orthodontics and Dentofacial Orthopedics,"That area of dentistry concerned with the supervision, guidance and correction of the growing or mature dentofacial structures, including those conditions that require movement of teeth or correction of malrelationships and malformations of their related structures and the adjustment of relationships between and among teeth and facial bones by the application of forces and/or the stimulation and redirection of functional forces within the craniofacial complex.  Major responsibilities of orthodontic practice include the diagnosis, prevention, interception and treatment of all forms of malocclusion of the teeth and associated alterations in their surrounding structures; the design, application and control of functional and corrective appliances; and the guidance of the dentition and its supporting structures to attain and maintain optimum occlusal relations in physiologic and esthetic harmony among facial and cranial structures."
1223P0221X,Dentist,Pediatric Dentistry,"An age-defined specialty that provides both primary and comprehensive preventive and therapeutic oral health care for infants and children through adolescence, including those with special health care needs."
1223P0300X,Dentist,Periodontics,"That specialty of dentistry which encompasses the prevention, diagnosis and treatment of diseases of the supporting and surrounding tissues of the teeth or their substitutes and the maintenance of the health, function and esthetics of these structures and tissues."
1223P0700X,Dentist,Prosthodontics,"That branch of dentistry pertaining to the restoration and maintenance of oral functions, comfort, appearance and health of the patient by the restoration of natural teeth and/or the replacement of missing teeth and contiguous oral and maxillofacial tissues with artificial substitutes."
122400000X,Denturist,,A denturist is a licensed professional that serves patients with removable dental prosthetic oral health needs. A licensed denturist is trained in removable dental prosthetics and the fabrication of such devices.
132700000X,Dietary Manager,,"A dietary manager is a trained food services professional who is charged with maintaining cost/profit objectives, purchasing foods and services for the department and supervising staff.. Dietary managers are trained to understand the basic nutritional needs of clients and work in partnership with dietitians, who offer specialized nutritional expertise. The CDM certified dietary manager designation is an advanced professional credential awarded to dietary managers who have completed specific course work, have passed the national credentialing exams (including a sanitation and safety exam) and have applied for certification."
136A00000X,"Dietetic Technician, Registered",,"A Dietetic Technician, Registered (DTR)/Nutrition and Dietetics Technician, Registered (NDTR) is an individual holding a nationally protected title issued by the Commission on Dietetic Registration (CDR) to qualified individuals who obtain an associate's degree or higher and successfully complete a sliding set of academic, examination, and practice requirements accredited by the Accreditation Council for Education in Nutrition and Dietetics (ACEND) or established by CDR, the nature of which are dependent upon the level of academic degree obtained. The scope of practice of the NDTR focuses on food, nutrition, and dietetics practice, as well as related services. NDTRs work under the supervision of a Registered Dietitian Nutritionist (RDN) when in direct patient/client nutrition care, and may work independently in providing general nutrition education to healthy populations. Patient/client populations include individuals receiving individualized care who have medical conditions or diseases, as well as at-risk individuals receiving personalized nutrition guidance as part of preventive health care."
133V00000X,"Dietitian, Registered",,"A Registered Dietitian (RD)/Registered Dietitian Nutritionist (RDN) is an individual uniquely trained in the science of nutrition and practice of dietetics to design and provide medical nutrition therapy (MNT) and other evidence-based applications of the Nutrition Care Process (NCP) that exemplify the profession's systematic approach to providing high quality nutrition care. Registered dietitians provide MNT for the purpose of disease prevention or management, or to treat or rehabilitate an illness, injury, or condition, with the use of specific, indicated physical and cognitive nutrition care services comprised of one or more of the following aspects of the NCP: nutrition assessment/reassessment, nutrition diagnosis, nutrition intervention (e.g., nutrition counseling, therapeutic diet ordering, and nutrition education) and nutrition monitoring and evaluation."
133VN1101X,"Dietitian, Registered","Nutrition, Gerontological","An individual who is a Specialist in Gerontological Nutrition and provides nutrition care to promote quality of life and optimal health for older adults across the continuum of care, including: acute care, post-acute care, primary care, long-term care, assisted living, home care, palliative care, community-based nutrition, food service, correctional facilities, and government programs. RDN who works indirectly with gerontological nutrition through roles in management, industry, education, and research."
133VN1006X,"Dietitian, Registered","Nutrition, Metabolic",A registered dietitian who achieves specialized competency in metabolic nutrition.
133VN1201X,"Dietitian, Registered","Nutrition, Obesity and Weight Management","An individual who is a Board Certified Specialist for Obesity and Weight Management and educates, supports, and advocates for patients and clients to understand and manage their weight and associated risks through the use of nutritional, behavioral health, medical, surgical, pharmacotherapeutic, and exercise and physical activity interventions."
133VN1301X,"Dietitian, Registered","Nutrition, Oncology","An individual who is a Board Certified Specialist in Oncology Nutrition and provides direct nutrition care for individuals at risk for or diagnosed with cancer. RDNs working directly with individuals at risk for, or diagnosed with, any type of malignancy or pre-malignant condition, in a variety of settings (e.g. hospitals, clinics, cancer centers, hospices, public health), OR indirectly through roles in management, education, industry, and research practice linked specifically to oncology nutrition. RDN who works indirectly with oncology nutrition through roles in management, education, industry, and research."
133VN1004X,"Dietitian, Registered","Nutrition, Pediatric","An individual who is a Board Certified Specialist in Pediatric Nutrition and applies evidence-based nutrition knowledge in providing medical nutrition therapy for pediatric patients. Specialists work directly with healthy and/or ill children (newborn up to 21 years of age) as well as children with special health care needs in a variety of settings (hospitals, community-based and/or family-centered programs, education programs, home, etc.), OR indirectly through management, care coordination, education, quality improvement, or research practice linked specifically to pediatric nutrition."
133VN1401X,"Dietitian, Registered","Nutrition, Pediatric Critical Care","An individual who is a Board Certified Specialist in Pediatric Critical Care Nutrition and applies evidence-based nutrition knowledge in providing medical nutrition therapy for critically ill infants, children and adolescents. Additional roles could include coordination, education, quality improvement, or research linked specifically to pediatric critical care nutrition."
133VN1005X,"Dietitian, Registered","Nutrition, Renal","An individual who is a Board Certified Specialist in Renal Nutrition and works directly with adult and/or pediatric patients with acute kidney injury, chronic kidney disease (CKD) stages 1-5, or receiving renal replacement therapies (dialysis/transplant) in a variety of settings, OR works indirectly in management, education, or research practice linked specifically to renal nutrition. The specialist in renal/nephrology nutrition is responsible for nutrition assessment, diagnosis, intervention, monitoring, and evaluation."
133VN1501X,"Dietitian, Registered","Nutrition, Sports Dietetics","An individual who is a Board Certified Specialist in Sports Dietetics and applies evidence-based nutrition knowledge in exercise and sports. RDNs specializing in sports dietetics assess, educate, and counsel athletes and active individuals. They design, implement, and manage safe and effective nutrition strategies that enhance lifelong health, fitness, and optimal performance."
133N00000X,Nutritionist,,"A specialist in adapting and applying food and nutrient knowledge to the solution of food and nutritional problems, the control of disease, and the promotion of health. Nutritionists perform research, instruct groups and individuals about nutritional requirements, and assist people in developing meal patterns that meet their nutritional needs; (2) A nutritionist is someone who has completed undergraduate and/or graduate training in the discipline of nutrition without necessarily meeting the academic and experience requirements to qualify for the Registered Dietitian designation."
133NN1002X,Nutritionist,"Nutrition, Education",Definition to come...
146N00000X,"Emergency Medical Technician, Basic",,A Basic EMT is an individual trained and certified to perform basic life support treatment in medical emergencies based on individual state boards.
146M00000X,"Emergency Medical Technician, Intermediate",,An Intermediate EMT is an individual trained and certified to perform intermediate life support treatment in medical emergencies based on individual state boards.
146L00000X,"Emergency Medical Technician, Paramedic",,"An EMT, Paramedic is an individual trained and certified to perform advanced life support (ALS) in medical emergencies based on individual state boards."
146D00000X,Personal Emergency Response Attendant,,"Individuals that are specially trained to assist patients living at home with urgent/emergent situations.  These individuals must be able to perform CPR and basic first aid and have sufficient counseling skills to allay fears and assist in working through processes necessary to resolve the crisis.  Functions may include transportation to various facilities and businesses, contacting agencies to initiate remediation service or providing reassurance."
152W00000X,Optometrist,,"Doctors of optometry (ODs) are the primary health care professionals for the eye.  Optometrists examine, diagnose, treat, and manage diseases, injuries, and disorders of the visual system, the eye, and associated structures as well as identify related systemic conditions affecting the eye.  An optometrist has completed pre-professional undergraduate education in a college or university and four years of professional education at a college of optometry, leading to the doctor of optometry (O.D.) degree.  Some optometrists complete an optional residency in a specific area of practice.  Optometrists are eye health care professionals state-licensed to diagnose and treat diseases and disorders of the eye and visual system. "
152WC0802X,Optometrist,Corneal and Contact Management,"The professional activities performed by an Optometrist related to the fitting of contact lenses to an eye, ongoing evaluation of the cornea's ability to sustain successful contact lens wear, and treatment of any external eye or corneal condition which can affect contact lens wear."
152WL0500X,Optometrist,Low Vision Rehabilitation,"Optometrists who specialize in low-vision care having training to assess visual function, prescribe low-vision devices, develop treatment plans, and recommend other vision rehabilitation services."
152WX0102X,Optometrist,Occupational Vision,"Optometrists who work in Occupational Vision, the branch of environmental optometry, consider all aspects of the relationship between work and vision, visual performances, eye safety, and health."
152WP0200X,Optometrist,Pediatrics,"Optometrists who work in Pediatrics are concerned with the prevention, development, diagnosis, and treatment of visual problems in children."
152WS0006X,Optometrist,Sports Vision,"An optometrist who offers services designed to care for unique vision care needs of athletes, which may include one of more of the following services:  corrective vision care unique to a specific sporting environment; protective eyewear for the prevention of sports-related injuries; vision enhancement - which may include vision therapy and techniques to improve visual skills specific to the athlete's sport."
152WV0400X,Optometrist,Vision Therapy,"Optometrists who specialize in vision therapy as a treatment process used to improve vision function. It includes a broad range of developmental and rehabilitative treatment programs individually prescribed to remediate specific sensory, motor and/or visual perceptual dysfunctions."
156F00000X,Technician/Technologist,,A broad category grouping different kinds of technologists and technicians. See individual definitions.
156FC0800X,Technician/Technologist,Contact Lens,"An optician or other ancillary support staff person who, where authorized by state law and trained or certified to do so, may fit or dispense contact lenses to a patient based on the prescription of an optometrist or medical physician."
156FC0801X,Technician/Technologist,Contact Lens Fitter,"An optician or other ancillary support staff person who, where authorized by state law and trained or certified to do so, may fit or dispense contact lenses to a patient based on the prescription of an optometrist or medical physician."
156FX1700X,Technician/Technologist,Ocularist,"An ocularist is a thoroughly trained professional skilled in the art of fitting, painting, and fabricating custom ocular prostheses. In addition to creating custom ocular prostheses, and providing long-term care through periodic examinations, an ocularist provides the patient with complete instructions on the care and maintenance of their prosthesis."
156FX1100X,Technician/Technologist,Ophthalmic,"An ophthalmic technician/technologist assists ophthalmologists by performing ophthalmic clinical functions, including administering eye exams, administering eye medications, and instructing the patient in care and use of corrective lenses."
156FX1101X,Technician/Technologist,Ophthalmic Assistant,"An ophthalmic assistant assists ophthalmologists by performing duties including, but not limited to, patient charting, patient education, and basic eye testing."
156FX1800X,Technician/Technologist,Optician,"Opticians help fit eyeglasses and contact lenses, following prescriptions from Ophthalmologists and Optometrists.  They also help customers decide which eyeglass frame or contact lenses to buy."
156FX1201X,Technician/Technologist,Optometric Assistant,"An optometric assistant assists optometrists by performing duties, including but not limited to, customer service, basic eye testing, and patient education. "
156FX1202X,Technician/Technologist,Optometric Technician,"An optometric technician assists optometrists by performing duties, including but not limited to, basic eye testing, diagnostic tests, and assistance with corrective lenses. "
156FX1900X,Technician/Technologist,Orthoptist,"An orthoptist is an allied health professional skilled in evaluation and treatment of children and adults with eye movement difficulties. Their specialty is strabismus, amblyopia, and double vision."
164W00000X,Licensed Practical Nurse,,"An individual with post-high school vocational training and practical experience in the provision of nursing care at a level less than that required for certification as a Registered Nurse. Requirements for education, experience, licensure, and job responsibilities vary among the states."
167G00000X,Licensed Psychiatric Technician,,"An individual licensed by the state board as a Psychiatric Technician based upon completion of a prescribed course of theory and clinical practice, with two thirds of the clinical practice time focused on mental and developmental disorders.  The psychiatric technician practices under the direct supervision of a physician, psychologist, registered nurse or other professional to provide care to patients with mental disorders and developmental disabilities."
164X00000X,Licensed Vocational Nurse,,"An individual with post-high school vocational training and practical experience in the provision of nursing care at a level less than that required for certification as a Registered Nurse. [An alternate term for licensed practical nurse arising from difference in occupational titles between states and post-high school training programs and institutions.] Requirements for education, experience, licensure, and job responsibilities vary among the states."
163W00000X,Registered Nurse,,"(1) A registered nurse is a person qualified by graduation from an accredited nursing school (depending upon schooling, a registered nurse may receive either a diploma from a hospital program, an associate degree in nursing (A.D.N.) or a Bachelor of Science degree in nursing (B.S.N.), who is licensed or certified by the state, and is practicing within the scope of that license or certification. R.N.'s assist patient in recovering and maintaining their physical or mental health. They assist physicians during treatments and examinations and administer medications. (2) A provider who is trained and educated in a formal nursing education program at an accredited school of nursing, passes a national certification examination, and is licensed by the state to practice nursing. The individual provides nursing services to patients or clients in areas such as health promotion, disease prevention, acute and chronic care and restoration and maintenance of health across the life span."
163WA0400X,Registered Nurse,Addiction (Substance Use Disorder),Definition to come...
163WA2000X,Registered Nurse,Administrator,Definition to come...
163WP2201X,Registered Nurse,Ambulatory Care,Definition to come...
163WC3500X,Registered Nurse,Cardiac Rehabilitation,Definition to come...
163WC0400X,Registered Nurse,Case Management,Definition to come...
163WC1400X,Registered Nurse,College Health,Definition to come...
163WC1500X,Registered Nurse,Community Health,Definition to come...
163WC2100X,Registered Nurse,Continence Care,Definition to come...
163WC1600X,Registered Nurse,Continuing Education/Staff Development,Definition to come...
163WC0200X,Registered Nurse,Critical Care Medicine,Definition to come...
163WD0400X,Registered Nurse,Diabetes Educator,Definition to come...
163WD1100X,Registered Nurse,"Dialysis, Peritoneal",Definition to come...
163WE0003X,Registered Nurse,Emergency,Definition to come...
163WE0900X,Registered Nurse,Enterostomal Therapy,Definition to come...
163WF0300X,Registered Nurse,Flight,Definition to come...
163WG0100X,Registered Nurse,Gastroenterology,Definition to come...
163WG0000X,Registered Nurse,General Practice,Definition to come...
163WG0600X,Registered Nurse,Gerontology,Definition to come...
163WH0500X,Registered Nurse,Hemodialysis,Definition to come...
163WH0200X,Registered Nurse,Home Health,Definition to come...
163WH1000X,Registered Nurse,Hospice,Definition to come...
163WI0600X,Registered Nurse,Infection Control,Definition to come...
163WI0500X,Registered Nurse,Infusion Therapy,Definition to come...
163WL0100X,Registered Nurse,Lactation Consultant,Definition to come...
163WM0102X,Registered Nurse,Maternal Newborn,Definition to come...
163WM0705X,Registered Nurse,Medical-Surgical,Definition to come...
163WN0002X,Registered Nurse,Neonatal Intensive Care,Definition to come...
163WN0003X,Registered Nurse,"Neonatal, Low-Risk",Definition to come...
163WN0300X,Registered Nurse,Nephrology,Definition to come...
163WN0800X,Registered Nurse,Neuroscience,Definition to come...
163WM1400X,Registered Nurse,Nurse Massage Therapist (NMT),Definition to come...
163WN1003X,Registered Nurse,Nutrition Support,Definition to come...
163WX0002X,Registered Nurse,"Obstetric, High-Risk",Definition to come...
163WX0003X,Registered Nurse,"Obstetric, Inpatient",Definition to come...
163WX0106X,Registered Nurse,Occupational Health,Definition to come...
163WX0200X,Registered Nurse,Oncology,Definition to come...
163WX1100X,Registered Nurse,Ophthalmic,Definition to come...
163WX0800X,Registered Nurse,Orthopedic,Definition to come...
163WX1500X,Registered Nurse,Ostomy Care,Definition to come...
163WX0601X,Registered Nurse,Otorhinolaryngology & Head-Neck,Definition to come...
163WP0000X,Registered Nurse,Pain Management,Definition to come...
163WP0218X,Registered Nurse,Pediatric Oncology,Definition to come...
163WP0200X,Registered Nurse,Pediatrics,Definition to come...
163WP1700X,Registered Nurse,Perinatal,Definition to come...
163WS0121X,Registered Nurse,Plastic Surgery,Definition to come...
163WP0808X,Registered Nurse,Psychiatric/Mental Health,Definition to come...
163WP0809X,Registered Nurse,"Psychiatric/Mental Health, Adult",Definition to come...
163WP0807X,Registered Nurse,"Psychiatric/Mental Health, Child & Adolescent",Definition to come...
163WR0006X,Registered Nurse,Registered Nurse First Assistant,"A perioperative registered nurse who works in collaboration with the surgeon and other health care team members to achieve optimal outcomes.  The RNFA has acquired the necessary knowledge, judgment, and skills specific to the expanded role of RNFA clinical practice.  Intraoperatively, the RNFA assists the surgeon."
163WR0400X,Registered Nurse,Rehabilitation,Definition to come...
163WR1000X,Registered Nurse,Reproductive Endocrinology/Infertility,Definition to come...
163WS0200X,Registered Nurse,School,Definition to come...
163WU0100X,Registered Nurse,Urology,Definition to come...
163WW0101X,Registered Nurse,"Women's Health Care, Ambulatory",Definition to come...
163WW0000X,Registered Nurse,Wound Care,Definition to come...
372600000X,Adult Companion,,"An individual who provides supervision, socialization, and non-medical care to a functionally impaired adult.  Companions may assist or supervise the individual with such tasks as meal preparation, laundry and shopping, but do not perform these activities as discrete services.  These services are provided in accordance with a therapeutic goal in the plan of care."
372500000X,Chore Provider,,"An individual who provides home maintenance services required to sustain a safe, sanitary living environment for individuals who because of age or disabilities is unable to perform the activities.  These services include heavy household chores such as washing floors, windows, and walls; tacking down loose rugs and tiles; and moving heavy items of furniture in order to provide safe access and egress."
373H00000X,Day Training/Habilitation Specialist,,Individuals experienced or trained in working with developmentally disabled individuals who need assistance in acquiring and maintaining life skills that enable them to cope more effectively with the demands of independent living.
374J00000X,Doula,,"Doulas work in a variety of settings and have been trained to provide physical, emotional, and informational support to a mother before, during, and just after birth and/or provide emotional and practical support to a mother during the postpartum period."
374U00000X,Home Health Aide,,"A person trained to assist public health nurses, home health nurses, and other health professionals in the bedside care of patients in their homes."
376J00000X,Homemaker,,"An individual who provides general household activities such as meal preparation, laundry, and light housekeeping, when the individual regularly responsible for these activities is temporarily absent or unable to provide for himself.  Homemakers must meet the state defined training standards."
376K00000X,Nurse's Aide,,"(1) An unlicensed individual who is trained to function in an assistive role to the licensed nurse in the provision of patient/client activities as delegated by the nurse; (2) An individual trained (either on-the-job or through a formal course generally of less than one year) and experienced in performing patient or client-care nursing tasks that do not require the skills of a specialist, technician, or professional. Examples of tasks performed by nurses aides include changing clothes, diapers, and beds; assisting patients to perform exercises or personal hygiene tasks, and supporting communication or social interaction. Specific education and credentials are not required for this work."
376G00000X,Nursing Home Administrator,,"An individual, often licensed by the state, who is responsible for the management of a nursing home."
374T00000X,Religious Nonmedical Nursing Personnel,,"Religious nonmedical nursing personnel are experienced in caring for the physical needs of nonmedical patients.  For example, caring for the physical needs such as assistance with activities of daily living; assistance with moving, positioning, and ambulation; nutritional needs; and comfort and support measures."
374K00000X,Religious Nonmedical Practitioner,,"A religious nonmedical practitioner offers spiritually-based care.  Services may be rendered in an office, home, or care facility or by phone, email, or written correspondence."
374700000X,Technician,,"(1) A person with specialized training in a narrow field of expertise whose occupation requires training and is skilled in specific technical processes and procedures. (2) An individual having special skill or practical knowledge in an area, such as operation and maintenance of equipment or performance of laboratory procedures involving biochemical analyses. Special technical qualifications are normally required, though an increasing number or technicians also possess university degrees in science, and occasionally doctorate degrees. The distinction between technician and technologist in the health care field is not always clear."
3747A0650X,Technician,Attendant Care Provider,"An individual who provides hands-on care, of both a supportive and health related nature, specific to the needs of a medically stable, physically handicapped individual.  Supportive services are those that substitute for the absence, loss, diminution, or impairment of a physical or cognitive function.  This service may include skilled or nursing care to the extent permitted by state law."
3747P1801X,Technician,Personal Care Attendant,"An individual who provides assistance with eating, bathing, dressing, personal hygiene, activities of daily living as specified in the plan of care.  Services which are incidental to the care furnished, or essential to the health and welfare of the individual may also be provided.  Personal care providers must meet state defined training and certification standards"
171100000X,Acupuncturist,,"An acupuncturist is a person who performs ancient therapy for alleviation of pain, anesthesia and treatment of some diseases. Acupuncturists use long, fine needles inserted into specific points in order to treat painful conditions or produce anesthesia."
171M00000X,Case Manager/Care Coordinator,,"A person who provides case management services and assists an individual in gaining access to needed medical, social, educational, and/or other services.  The person has the ability to provide an assessment and review of completed plan of care on a periodic basis.  This person is also able to take collaborative action to coordinate the services with other providers and monitor the enrollee's progress toward the cost-effective achievement of objectives specified in the plan of care.  Credentials may vary from an experience in the fields of psychology, social work, rehabilitation, nursing or a closely related human service field, to a related Assoc of Arts Degree or to nursing credentials.  Some states may require certification in case management."
174V00000X,Clinical Ethicist,,"A clinical ethicist has been trained in bioethics and ethics case consultation.  The clinical ethicist addresses medical-ethical dilemmas arising in clinical practice, such as end-of-life care, refusal of treatment, and futility of care; assists patients and health care providers with medical decision-making; and provides ethics education for patients and families."
172V00000X,Community Health Worker,,"Community health workers (CHW) are lay members of communities who work either for pay or as volunteers in association with the local health care system in both urban and rural environments and usually share ethnicity, language, socioeconomic status and life experiences with the community members they serve. They have been identified by many titles such as community health advisors, lay health advocates, ""promotores(as), outreach educators, community health representatives, peer health promoters, and peer health educators. CHWs offer interpretation and translation services, provide culturally appropriate health education and information, assist people in receiving the care they need, give informal counseling and guidance on health behaviors, advocate for individual and community health needs, and provide some direct services such as first aid and blood pressure screening.  Some examples of these practitioners are Community Health Aides or Practitioners established under 25 USC 1616 (l) under HHS, Indian Health Service, Public Health Service."
171W00000X,Contractor,,"A person who contracts to supply certain materials or do certain work for a stipulated sum; esp., one whose business is contracting work in any of the building trades. For purposes of the taxonomy, a person who contracts to complete home repairs or modifications to accommodate a health condition (e.g. wheelchair ramp, kitchen counter lowering)."
171WH0202X,Contractor,Home Modifications,Definition to come...
171WV0202X,Contractor,Vehicle Modifications,A contractor who makes modifications to private vehicles to accommodate a health condition.
172A00000X,Driver,,A person employed to operate a motor vehicle as a carrier of persons or property.
176P00000X,Funeral Director,,"A person, usually an embalmer, whose business is to arrange for the burial or cremation of the dead and to assist at the funeral rites."
170300000X,"Genetic Counselor, MS",,"A masters trained health care provider who collects and interprets genetic family histories; assesses the risk of disease occurrence or recurrence; identifies interventions to manage or ameliorate disease risk; educates about inheritance, testing, management, prevention, ethical issues, resources, and research; and counsels to promote informed choices and adaptation. Certification was established in 1993 by the American Board of Genetic Counseling and prior to that by the American Board of Medical Genetics. Requirements for experience, licensure, and job responsibilities vary among the states."
171400000X,Health & Wellness Coach,,"The Health & Wellness Coach is trained in motivational theories, strategies, and communication techniques, which are used to assist patients to develop intrinsic motivation and obtain skills to create sustainable change for improved health and well-being. Health and wellness coaching is a patient-centered approach wherein patients at least partially determine their goals, use self-discovery or active learning processes together with content education to work toward their goals, and self-monitor behaviors to increase accountability, all within the context of an interpersonal relationship with a coach."
174H00000X,Health Educator,,"Health educators work in a variety of settings providing education to individuals or groups of individuals on healthy behaviors, wellness, and health-related topics with the goal of preventing diseases and health problems.  Health educators generally require a bachelor's degree and may receive additional training, such as through mentoring, internships, or volunteer work."
175L00000X,Homeopath,,A provider who is educated and trained in a system of therapeutics in which diseases are treated by drugs which are capable of producing in healthy persons symptoms like those of the disease to be treated. Treatment requires administering a drug in minute doses.
171R00000X,Interpreter,,An Interpreter is a person who translates oral communication between two or more people.  This includes translating from one language to another or interpreting sign language.  An interpreter is necessary for medical care when the patient does not speak the language of the health care provider or when the patient has a disability involving spoken language.
174N00000X,"Lactation Consultant, Non-RN",,An individual trained to provide breastfeeding assistance services to both mothers and infants. Lactation Consultants are not required to be nurses and are trained through specific courses of education. The Lactation Consultant may have additional certification through a national or international organization.
175M00000X,"Midwife, Lay",,"A person qualified by experience and limited specialized training to provide obstetric and neo-natal care in the management of women having normal pregnancy, labor and childbirth. The lay midwife is licensed in some states."
173000000X,Legal Medicine,,"The specialty areas of medicine concerned with matters of, and relations with, substantive law and legal institutions; such as the conduct of medical examinations at crime scenes, performance of autopsies, giving of expert medical testimony in judicial proceedings, medical treatment of inmates of penal institutions, the practice of trauma medicine in law enforcement settings, and other clinical practice and medical science applications in the fields of law, law enforcement, and corrections."
172M00000X,Mechanotherapist,,"A practitioner of mechanotherapy examines patients by verbal inquiry, examination of the musculoskeletal system by hand, and visual inspection and observation.  In the treatment of patients, mechanotherapists employ the techniques of advised or supervised exercise; electrical neuromuscular stimulation; massage or manipulation; or air, water, heat, cold, sound, or infrared ray therapy."
176B00000X,Midwife,,"A Midwife is a trained professional with special expertise in supporting women to maintain a healthy pregnancy birth, offering expert individualized care, education, counseling, and support to a woman and her newborn throughout the childbearing cycle. A Midwife is a skilled and independent practitioner who has undergone formalized training. Midwives are not required to be nurses and may be trained via multiple routes of education (apprenticeship, workshop, formal classes, or programs, etc., usually a combination). The educational background requirements and licensing requirements vary by state. The Midwife may or may not be certified by a state or national organization."
171000000X,Military Health Care Provider,,"Active duty military health care providers not otherwise classified who need to be separately identified for operational, clinical, or administrative processes."
1710I1002X,Military Health Care Provider,Independent Duty Corpsman,A Navy Independent Duty Corpsman (IDC) is an active duty Sailor who has successfully completed one of the Navy's specific IDC training programs.  IDCs are formally trained and educated to perform primary medical care and minor surgical services in a variety of health care and non-health care settings worldwide under indirect physician supervision.  IDCs provide care to Department of Defense operational forces and other supporting forces such as contractors and foreign nationals.
1710I1003X,Military Health Care Provider,Independent Duty Medical Technicians,"An Independent Duty Medical Technician (IDMT) is specially trained and educated to perform primary medical care, minor surgical services, and treatment of dental disorders for active duty military members in a variety of health care and non-health care settings worldwide under direct and indirect physician supervision.  An IDMT may take medical histories, perform physical exams, order lab tests and x-rays, prescribe medications, and give immunizations. IDMTs work under the direct supervision of a physician preceptor when at home station and indirectly when assigned to a Mobile Aid Station, Mobile Medical Unit, remote site, or otherwise deployed specifically as an IDMT.  An IDMT may be an experienced Aerospace Medical Service Technician who meets special task qualifications and is recommended for training by the Aerospace Medical Service Functional Manager at their Medical Treatment Facility.  IDMTs maintain certification as Nationally Registered Emergency Medical Technicians and as Immunization Back-up Technicians."
172P00000X,Naprapath,,Naprapathy means a branch of medicine that focuses on the evaluation and treatment of neuron-muscular conditions.  Doctors of naprapathy are connective tissue specialists.  Education and training are defined through individual states' licensing/certification requirements.
175F00000X,Naturopath,,"Diagnoses, treats, and cares for patients, using system of practice that bases treatment of physiological functions and abnormal conditions on natural laws governing human body: Utilizes physiological, psychological, and mechanical methods, such as air, water, light, heat, earth, phototherapy, food and herb therapy, psychotherapy, electrotherapy, physiotherapy, minor and orificial surgery, mechanotherapy, naturopathic corrections and manipulation, and natural methods or modalities, together with natural medicines, natural processed foods, and herbs and nature's remedies. Excludes major surgery, therapeutic use of x ray and radium, and use of drugs, except those assimilable substances containing elements or compounds which are components of body tissues and are physiologically compatible to body processes for maintenance of life."
175T00000X,Peer Specialist,,"Individuals certified to perform peer support services through a training process defined by a government agency, such as the Department of Veterans Affairs or a state mental health department/certification/licensing authority."
170100000X,"Medical Genetics, Ph.D. Medical Genetics",,"A medical geneticist works in association with a medical specialist, is affiliated with a clinical genetics program, and serves as a consultant to medical and dental specialists. "
405300000X,Prevention Professional,,"Prevention Professionals work in programs aimed to address specific patient needs, such as suicide prevention, violence prevention, alcohol avoidance, drug avoidance, and tobacco prevention.   The goal of the program is to reduce the risk of relapse, injury, or re-injury of the patient.  Prevention Professionals work in a variety of settings and provide appropriate case management, mediation, referral, and mentorship services.  Individuals complete prevention professionals training for the population of patients with whom they work."
173C00000X,Reflexologist,,"Reflexologists perform a non-invasive complementary modality involving thumb and finger techniques to apply alternating pressure to the reflexes within the reflex maps of the body located on the feet, hands, and outer ears. Reflexologists apply pressure to specific areas (feet, hands, and ears) to promote a response from an area far removed from the tissue stimulated via the nervous system and acupuncture meridians. Reflexologists are recommended to complete a minimum of 200 hours of education, typically including anatomy & physiology, Reflexology theory, body systems, zones, meridians & relaxation response, ethics, business standards, and supervised practicum."
173F00000X,"Sleep Specialist, PhD",,"Sleep medicine is a clinical specialty with a focus on clinical problems that require accurate diagnosis and treatment. The knowledge base of sleep medicine is derived from many disciplines including neuroanatomy, neurophysiology, respiratory physiology, pharmacology, psychology, psychiatry, neurology, general internal medicine, pulmonary medicine, and pediatrics as well as others."
174400000X,Specialist,,An individual educated and trained in an applied knowledge discipline used in the performance of work at a level requiring knowledge and skills beyond or apart from that provided by a general education or liberal arts degree.
1744G0900X,Specialist,Graphics Designer,Definition to come...
1744P3200X,Specialist,Prosthetics Case Management,Definition to come...
1744R1103X,Specialist,Research Data Abstracter/Coder,Definition to come...
1744R1102X,Specialist,Research Study,Definition to come...
174M00000X,Veterinarian,,"A doctor of veterinary medicine, trained and authorized to practice veterinarian medicine and surgery."
174MM1900X,Veterinarian,Medical Research,Definition to come...
183500000X,Pharmacist,,"An individual licensed by the appropriate state regulatory agency to engage in the practice of pharmacy.  The practice of pharmacy includes, but is not limited to, assessment, interpretation, evaluation, and implementation, initiation, monitoring or modification of medication and or medical orders; the compounding or dispensing of medication and or medical orders; participation in drug and device procurement, storage, and selection; drug administration; drug regimen reviews; drug or drug-related research; provision of patient education and the provision of those acts or services necessary to provide medication therapy management services in all areas of patient care."
1835P2201X,Pharmacist,Ambulatory Care,"A licensed pharmacist who has demonstrated specialized knowledge and skill in the provision of integrated, accessible health care services by pharmacists and is accountable for addressing medication needs, developing sustained partnerships with patients, and practicing in the context of family and community."
1835C0206X,Pharmacist,Cardiology,"A licensed pharmacist who has demonstrated specialized knowledge and skill in direct patient care to ensure safe and effective use of medications in patients with cardiovascular disease, as members of interprofessional health care teams."
1835C0207X,Pharmacist,Compounded Sterile Preparations,"A licensed pharmacist who has demonstrated specialized knowledge and skill to ensure that sterile preparations meet the clinical needs of patients, satisfying quality, safety, and environmental control requirements, regulations, and standards in all phases of preparation, storage, transportation, and administration."
1835C0205X,Pharmacist,Critical Care,"A licensed pharmacist who has demonstrated specialized knowledge and skill in the delivery of patient care services by pharmacists, as integral members of interprofessional teams, working to ensure the safe and effective use of medications in critically ill patients."
1835E0208X,Pharmacist,Emergency Medicine,A licensed pharmacist who has demonstrated specialized knowledge and skill in the care for patients at the bedside in emergency medicine settings. 
1835G0000X,Pharmacist,General Practice,
1835G0303X,Pharmacist,Geriatric,"A pharmacist who is certified in geriatric pharmacy practice is designated as a ""Certified Geriatric Pharmacist"" (CGP).  To become certified, candidates are expected to be knowledgeable about principles of geriatric pharmacotherapy and the provision of pharmaceutical care to the elderly."
1835I0206X,Pharmacist,Infectious Diseases,"A licensed pharmacist who has demonstrated specialized knowledge and skill in the use of microbiology and pharmacology to develop, implement, and monitor drug regimens that incorporate antimicrobials to optimize therapy for patients."
1835N0905X,Pharmacist,Nuclear,"A licensed pharmacist who has demonstrated specialized knowledge and skill in procurement, compounding, quality control testing, dispensing, distribution, and monitoring of radiopharmaceuticals."
1835N1003X,Pharmacist,Nutrition Support,"A licensed pharmacist who has demonstrated specialized knowledge and skill in maintenance and/or restoration of optimal nutritional status, designing and modifying treatment according to patient needs."
1835X0200X,Pharmacist,Oncology,"A licensed pharmacist who has demonstrated specialized knowledge and skill in developing, recommending, implementing, monitoring, and modifying pharmacotherapeutic plans to optimize outcomes in patients with malignant diseases."
1835P0200X,Pharmacist,Pediatrics,A licensed pharmacist who has demonstrated specialized knowledge and skill in the delivery of patient care services by pharmacists that ensures the safe and effective use of medications for all children from neonates through adolescents.
1835P0018X,Pharmacist,Pharmacist Clinician (PhC)/ Clinical Pharmacy Specialist,"Pharmacist Clinician/Clinical Pharmacy Specialist is a pharmacist with additional training and an expanded scope of practice that may include prescriptive authority, therapeutic management, and disease management."
1835P1200X,Pharmacist,Pharmacotherapy,"A licensed pharmacist who has demonstrated specialized knowledge and skill in optimizing pharmacotherapeutic care of patients, by developing, implementing, monitoring, and modifying complex treatment plans, providing advanced level education and consultation, and collaborating with other health professionals in the management of therapy."
1835P1300X,Pharmacist,Psychiatric,"A licensed pharmacist who has demonstrated specialized knowledge and skill in optimizing care of patients with psychiatric illness by assessing and monitoring patients, recognizing drug-induced problems, and recommending appropriate treatment plans."
1835S0206X,Pharmacist,Solid Organ Transplant,A licensed pharmacist who has demonstrated specialized knowledge and skill delivering direct patient care and the safe and effective use of medications for patients in all phases of solid organ transplantation.
183700000X,Pharmacy Technician,,A person who works under the direct supervision of a licensed pharmacist and performs many pharmacy-related functions that do not require the professional judgment of a pharmacist.
367A00000X,Advanced Practice Midwife,,"Advanced practice midwifery encompasses the independent provision of care during pregnancy, childbirth, and the postpartum period; sexual and reproductive health; gynecologic health; and family planning services, including preconception care. Midwives also provide primary care for individuals from adolescence throughout the lifespan as well as care for the healthy newborn during the first 28 days of life. Midwives provide initial and ongoing comprehensive assessment, diagnosis, and treatment. Midwifery care includes health promotion, disease prevention, risk assessment and management, and individualized wellness education and counseling."
367H00000X,Anesthesiologist Assistant,,"An individual certified by the state to perform anesthesia services under the direct supervision of an anesthesiologist.  Anesthesiologist Assistants are required to have a bachelor's degree with a premed curriculum prior to entering a two-year anesthesiology assistant program, which is focused upon the delivery and maintenance of anesthesia care as well as advanced patient monitoring techniques.  An Anesthesiologist Assistant must work as a member of the anesthesia care team under the direction of a qualified Anesthesiologist."
364S00000X,Clinical Nurse Specialist,,"A registered nurse who, through a graduate degree program in nursing, or through a formal post-basic education program or continuing education courses and clinical experience, is expert in a specialty area of nursing practice within one or more of the components of direct patient/client care, consultation, education, research and administration."
364SA2100X,Clinical Nurse Specialist,Acute Care,Definition to come...
364SA2200X,Clinical Nurse Specialist,Adult Health,Definition to come...
364SC2300X,Clinical Nurse Specialist,Chronic Care,Definition to come...
364SC1501X,Clinical Nurse Specialist,Community Health/Public Health,Definition to come...
364SC0200X,Clinical Nurse Specialist,Critical Care Medicine,Definition to come...
364SE0003X,Clinical Nurse Specialist,Emergency,Definition to come...
364SE1400X,Clinical Nurse Specialist,Ethics,Definition to come...
364SF0001X,Clinical Nurse Specialist,Family Health,Definition to come...
364SG0600X,Clinical Nurse Specialist,Gerontology,Definition to come...
364SH1100X,Clinical Nurse Specialist,Holistic,Definition to come...
364SH0200X,Clinical Nurse Specialist,Home Health,Definition to come...
364SI0800X,Clinical Nurse Specialist,Informatics,Definition to come...
364SL0600X,Clinical Nurse Specialist,Long-Term Care,Definition to come...
364SM0705X,Clinical Nurse Specialist,Medical-Surgical,Definition to come...
364SN0000X,Clinical Nurse Specialist,Neonatal,Definition to come...
364SN0800X,Clinical Nurse Specialist,Neuroscience,Definition to come...
364SX0106X,Clinical Nurse Specialist,Occupational Health,Definition to come...
364SX0200X,Clinical Nurse Specialist,Oncology,Definition to come...
364SX0204X,Clinical Nurse Specialist,"Oncology, Pediatrics",Definition to come...
364SP0200X,Clinical Nurse Specialist,Pediatrics,Definition to come...
364SP1700X,Clinical Nurse Specialist,Perinatal,Definition to come...
364SP2800X,Clinical Nurse Specialist,Perioperative,Definition to come...
364SP0808X,Clinical Nurse Specialist,Psychiatric/Mental Health,Definition to come...
364SP0809X,Clinical Nurse Specialist,"Psychiatric/Mental Health, Adult",Definition to come...
364SP0807X,Clinical Nurse Specialist,"Psychiatric/Mental Health, Child & Adolescent",Definition to come...
364SP0810X,Clinical Nurse Specialist,"Psychiatric/Mental Health, Child & Family",Definition to come...
364SP0811X,Clinical Nurse Specialist,"Psychiatric/Mental Health, Chronically Ill",Definition to come...
364SP0812X,Clinical Nurse Specialist,"Psychiatric/Mental Health, Community",Definition to come...
364SP0813X,Clinical Nurse Specialist,"Psychiatric/Mental Health, Geropsychiatric",Definition to come...
364SR0400X,Clinical Nurse Specialist,Rehabilitation,Definition to come...
364SS0200X,Clinical Nurse Specialist,School,Definition to come...
364ST0500X,Clinical Nurse Specialist,Transplantation,Definition to come...
364SW0102X,Clinical Nurse Specialist,Women's Health,Definition to come...
367500000X,"Nurse Anesthetist, Certified Registered",,"(1) A licensed registered nurse with advanced specialty education in anesthesia who, in collaboration with appropriate health care professionals, provides preoperative, intraoperative, and postoperative care to patients and assists in management and resuscitation of critical patients in intensive care, coronary care, and emergency situations. Nurse anesthetists are certified following successful completion of credentials and state licensure review and a national examination directed by the Council on Certification of Nurse Anesthetists. (2) A registered nurse who is qualified by special training to administer anesthesia in collaboration with a physician or dentist and who can assist in the care of patients who are in critical condition."
363L00000X,Nurse Practitioner,,"(1) A registered nurse provider with a graduate degree in nursing prepared for advanced practice involving independent and interdependent decision making and direct accountability for clinical judgment across the health care continuum or in a certified specialty. (2) A registered nurse who has completed additional training beyond basic nursing education and who provides primary health care services in accordance with state nurse practice laws or statutes. Tasks performed by nurse practitioners vary with practice requirements mandated by geographic, political, economic, and social factors. Nurse practitioner specialists include, but are not limited to, family nurse practitioners, gerontological nurse practitioners, pediatric nurse practitioners, obstetric-gynecologic nurse practitioners, and school nurse practitioners."
363LA2100X,Nurse Practitioner,Acute Care,Definition to come...
363LA2200X,Nurse Practitioner,Adult Health,Definition to come...
363LC1500X,Nurse Practitioner,Community Health,Definition to come...
363LC0200X,Nurse Practitioner,Critical Care Medicine,Definition to come...
363LF0000X,Nurse Practitioner,Family,Definition to come...
363LG0600X,Nurse Practitioner,Gerontology,Definition to come...
363LN0000X,Nurse Practitioner,Neonatal,Definition to come...
363LN0005X,Nurse Practitioner,"Neonatal, Critical Care",Definition to come...
363LX0001X,Nurse Practitioner,Obstetrics & Gynecology,Definition to come...
363LX0106X,Nurse Practitioner,Occupational Health,Definition to come...
363LP0200X,Nurse Practitioner,Pediatrics,Definition to come...
363LP0222X,Nurse Practitioner,"Pediatrics, Critical Care",Definition to come...
363LP1700X,Nurse Practitioner,Perinatal,Definition to come...
363LP2300X,Nurse Practitioner,Primary Care,Definition to come...
363LP0808X,Nurse Practitioner,Psychiatric/Mental Health,Definition to come...
363LS0200X,Nurse Practitioner,School,Definition to come...
363LW0102X,Nurse Practitioner,Women's Health,Definition to come...
363A00000X,Physician Assistant,,"A physician assistant is a person who has successfully completed an accredited education program for physician assistant, is licensed by the state and is practicing within the scope of that license. Physician assistants are formally trained to perform many of the routine, time-consuming tasks a physician can do. In some states, they may prescribe medications. They take medical histories, perform physical exams, order lab tests and x-rays, and give inoculations. Most states require that they work under the supervision of a physician."
363AM0700X,Physician Assistant,Medical,Definition to come...
363AS0400X,Physician Assistant,Surgical,Definition to come...
211D00000X,"Assistant, Podiatric",,"An individual who assists a podiatrist in tasks, such as exposing and developing x-rays; taking and recording patient histories; assisting in biomechanical evaluations and negative castings; preparing and sterilizing instruments and equipment; providing the patient with postoperative instructions; applying surgical dressings; preparing the patient for treatment, padding, and strapping; and performing routine office procedures."
213E00000X,Podiatrist,,"A podiatrist is a person qualified by a Doctor of Podiatric Medicine (D.P.M.) degree, licensed by the state, and practicing within the scope of that license. Podiatrists diagnose and treat foot diseases and deformities. They perform medical, surgical and other operative procedures, prescribe corrective devices and prescribe and administer drugs and physical therapy."
213ES0103X,Podiatrist,Foot & Ankle Surgery,Definition to come...
213ES0131X,Podiatrist,Foot Surgery,Definition to come...
213EG0000X,Podiatrist,General Practice,
213EP1101X,Podiatrist,Primary Podiatric Medicine,Definition to come...
213EP0504X,Podiatrist,Public Medicine,Definition to come...
213ER0200X,Podiatrist,Radiology,Definition to come...
213ES0000X,Podiatrist,Sports Medicine,Definition to come...
229N00000X,Anaplastologist,,"An anaplastologist is a professional who creates prostheses for the face and body.  Patients treated include those missing anatomy due to cancer, traumatic injury, or birth differences.  Generally, there are no state licensing requirements for anaplastologists.  Certification specific to anaplastology is provided through the Board for Certified Clinical Anaplastology (BCCA) with a credential title of Certified Clinical Anaplastologist (CCA)."
221700000X,Art Therapist,,"(1) An individual who uses art to achieve the therapeutic goals of symptom relief, emotional integration, and recovery from or adjustment to illness or disability. (2) An art therapist uses a form of treatment that enables patients with mental or physical disabilities to use art as a way of expressing and dealing with feelings and inner conflicts. (3) An individual who uses arts modalities and creative processes during intentional intervention in therapeutic, rehabilitative, community, or educational settings to foster health, communication, and expression; promote the integration of physical, emotional, cognitive, and social functioning; enhance self-awareness; and facilitate change."
224Y00000X,Clinical Exercise Physiologist,,"A Clinical Exercise Physiologist is a health care professional who is trained to work with patients with chronic disease where exercise training has been shown to be of therapeutic benefit, including but not limited to cardiovascular and pulmonary disease, and metabolic disorders."
225600000X,Dance Therapist,,"The dance therapist, sometimes called a movement therapist, focuses on rhythmic body movements as a medium of physical and psychological change. Dance therapy is practiced more often with mental health patients than with physically disabled patients. A master's degree is required by the American Dance Therapy Association to award the credentials Dance Therapist Registered (DTR)."
222Q00000X,Developmental Therapist,,"A Developmental Therapist is a person qualified by completion of an approved program in Developmental Therapy and where applicable credentialed by the state and practicing within the scope of the credential, or credentialed by completion of education experiences as approved by the state and practicing within the scope of that credential or, where state credentialing does not exist, certified by the Board of the Developmental Therapy Association. A developmental therapist evaluates children's global development in order to identify areas of developmental delay whether arising from physiological, neurological, or environmental factors, or a combination of factors; and designs, implements, and modifies therapeutic interventions for the child and the family to promote the child's acquisition of skills in a variety of developmental areas, including cognitive processes and social interaction in order to maximize functional independence and developmental homeostasis, and improve the quality of life at home and in the community; and provides consultation for the parents and other professionals working with the family on global development."
226300000X,Kinesiotherapist,,"A provider trained and educated in the applied science of medically prescribed therapeutic exercise, education and adapted physical activities designed to improve the quality of line and health of adults and children by developing physical fitness, increasing mobility and independence, and improving psychosocial behavior. The kinesiotherapist seeks a coach-player relationship in which he/she helps the patient/client reach the goal of becoming an independent, self-sustaining person. Kinesiotherapists, as compared with physical therapists, put more emphasis on geriatric care, reconditioning and fitness, and psychiatric care. A large percentage of kinesiotherapists practice in Veterans Administration hospitals."
225700000X,Massage Therapist,,"An individual trained in the manipulation of tissues (as by rubbing, stroking, kneading, or tapping) with the hand or an instrument for remedial or hygienic purposes."
224900000X,Mastectomy Fitter,,An individual trained in the fitting and adjusting of breast prostheses and management of post-mastectomy prostheses services.
225A00000X,Music Therapist,,"Music therapists use music interventions to assess clients' strengths and needs, develop goals, implement services, and evaluate and document progress for individuals of all ages.  Music therapists facilitate changes in physical, cognitive, emotional, and/or psychosocial health."
225X00000X,Occupational Therapist,,"An occupational therapist is a person who has graduated from an entry-level occupational therapy program accredited by the Accreditation Council for Occupational Therapy Education (ACOTE) or predecessor organizations, or approved by the World Federation of Occupational Therapists (WFOT), or an equivalent international occupational therapy education program; has successfully completed a period of supervised fieldwork experience required by the occupational therapy program; has passed a nationally recognized entry-level examination for occupational therapists, and fulfills state requirements for licensure, certification, or registration. An occupational therapist provides interventions based on evaluation and which emphasize the therapeutic use of everyday life activities (i.e., occupations) with individuals or groups for the purpose of facilitating participation in roles and situations and in home, school, workplace, community and other settings. Occupational therapy services are provided for the purpose of promoting health and wellness and are provided to those who have or are at risk for developing an illness, injury, disease, disorder, condition, impairment, disability, activity limitation, or participation restriction. Occupational therapists address the physical, cognitive, psychosocial, sensory, and other aspects of occupational performance in a variety of contexts to support engagement in everyday life activities that affect health, well-being, and quality of life."
225XR0403X,Occupational Therapist,Driving and Community Mobility,"Occupational therapists can optimize and prolong an older driver's ability to drive safely and ease the transition to other forms of transportation if driving cessation becomes necessary.  By identifying strengths as well as physical or cognitive challenges, occupational therapists can evaluate an individual's overall ability to operate a vehicle safely and recommend assistive devices or behavioral changes to limit risks.  Occupational therapy practitioners offer a continuum of services related to community mobility, from evaluation of driving performance, through counseling and support for lifestyle changes, to maintaining independence and quality of life."
225XE0001X,Occupational Therapist,Environmental Modification,"Occupational therapy practitioners are experts at identifying the cause of difficulties in performance of activities of daily living and instrumental activities of daily living.  Occupational therapy practitioners evaluate the client, their environment, and their occupational performance in that environment, as well as make recommendations for products to improve the fit between the client, place, and activity.  Occupational therapists can evaluate both the skills of the client and the environmental features that support or limit the performance of meaningful or necessary activities, thereby enhancing health, safety and well-being.  Based on this assessment, they recommend modification and intervention strategies that improve the fit between the person and his or her environment."
225XE1200X,Occupational Therapist,Ergonomics,Definition to come...
225XF0002X,Occupational Therapist,"Feeding, Eating & Swallowing","Occupational therapists provide interventions to clients of all ages with feeding, eating and swallowing difficulties.  Occupational therapists provide comprehensive rehabilitative, habilitative, and palliative dysphagia care, which includes collaborating with clients to provide individualized compensatory swallowing strategies, modified diet textures, adapted mealtime environments, enhanced feeding skills, preparatory exercises and positioning to clients, reinforcement of mealtime strategies to enhance and improve swallowing skills, and training to caregivers to enhance eating and feeding performance.  Occupational therapists provide screening and in-depth clinical assessment which may include instrumental dysphagia assessments including videofluroscopy."
225XG0600X,Occupational Therapist,Gerontology,"Occupational therapists work with older adults in virtually every setting: assisted living, wellness programs, hospitals, nursing homes, senior centers, clinics and in the home. Occupational therapists bring an understanding of the importance of participation and occupation for overall well-being to those who are experiencing disabling conditions related to aging. The primary overarching goal of occupational therapy services with this population is to maximize independence and participation, thereby enabling an older person to continue to live successfully in his or her chosen environment. Occupational therapists can help older adults by developing strategies to help or maintain safety and well-being, to assist with life transitions, and to compensate for challenges they experience in activities of daily living, instrumental activities of daily living, leisure participation, social participation, and productive activities."
225XH1200X,Occupational Therapist,Hand,Definition to come...
225XH1300X,Occupational Therapist,Human Factors,Definition to come...
225XL0004X,Occupational Therapist,Low Vision,"Occupational therapists enable children and adults with visual impairment to engage in their chosen daily living activities safely and as independently as possible.  This is accomplished by 1) teaching the person to use their remaining vision as efficiently as possible to complete activities; (2) modifying activities so that they can be completed with less vision; (3) training the person in use of adaptive equipment to compensate for vision loss, including high and low technology assistive devices; and (4) modifying the person's environment."
225XM0800X,Occupational Therapist,Mental Health,"Occupational therapists provide treatment for people recovering from a mental or physical illness to regain their independence and stability and to engage in normal daily occupations (work, home, family life, school, leisure).  Occupational therapists provide particular emphasis on interventions that result in improved quality of life and decrease hospitalization."
225XN1300X,Occupational Therapist,Neurorehabilitation,Definition to come...
225XP0200X,Occupational Therapist,Pediatrics,"Occupational therapists provide services to infants, toddlers and children who have or who are at risk for developmental delays or disabilities. Occupational therapy is concerned with a child's ability to participate in daily life activities or ""occupations.""  Occupational therapists use their unique expertise to help children with social-emotional, physical, cognitive, communication, and adaptive behavioral challenges and to help children to be prepared for and perform important learning and school-related activities and to fulfill their rule as students.  Through an understanding of the impact of disability, illness, and impairment on a child's development, plan, ability to learn new skills, and overall occupational performance, occupational therapists design interventions that promote healthy development, establish needed skills, and/or modify environments, all in support of participation in daily activities."
225XP0019X,Occupational Therapist,Physical Rehabilitation,"Occupational therapists are experts at helping people lead as independent a life as possible.  Occupational therapists bring an understanding of the physical and psychological implications of illness and injury and their effects on peoples' ability to perform the tasks of daily living.  Occupational therapists provide interventions that can aide a person in completing ADL and IADL tasks, such as dressing, bathing, preparing meals, and driving.  They also may fabricate custom orthotics to improve function, evaluate the environment for safety hazards and recommend adaptations to remove those hazards, help a person compensate for cognitive changes, and build a persons' physical endurance and strength. Occupational therapists' knowledge of adapting tasks and modifying the environment to compensate for functional limitations is used to increase the involvement of clients and to promote safety and success."
224Z00000X,Occupational Therapy Assistant,,"An occupational therapy assistant is a person who has graduated from an occupational therapy assistant program accredited by the Accreditation Council for Occupational Therapy Education (ACOTE) or predecessor organizations, has successfully completed a period of supervised fieldwork experience required by the accredited occupational therapy assistant program, has passed a nationally recognized entry-level examination for occupational therapy assistants, and fulfills state requirements for licensure, certification, or registration. An occupational therapy assistant provides interventions under the supervision of an occupational therapist which emphasize the therapeutic use of everyday life activities (i.e., occupations) with individuals or groups for the purpose of facilitating participation in roles and situations and in home, school, workplace, community and other settings. Occupational therapy services are provided for the purpose of promoting health and wellness and are provided to those who have or are at risk for developing an illness, injury, disease, disorder, condition, impairment, disability, activity limitation, or participation restriction. Occupational therapy assistants address the physical, cognitive, psychosocial, sensory, and other aspects of occupational performance in a variety of contexts to support engagement in everyday life activities that affect health, well-being, and quality of life."
224ZR0403X,Occupational Therapy Assistant,Driving and Community Mobility,"Occupational therapy assistants contribute to the completion of an individualized occupational therapy driving and community mobility evaluation by administering delegated assessments and identifying findings that impact the client's occupational performance. Clients engage in the assessment and occupational profile process to customize the evaluation to their individual driving and community mobility needs.  Occupational therapy assistants administer and continuously modify individualized in-vehicle and community mobility assessments within the naturalistic context of the community in response to the occupational performance and safety behaviors of the client.  They also implement an individualized intervention plan, within the parameters established in collaboration with the occupational therapist that reflects the contexts of the client and meets his or her occupational performance and safety needs.  Occupational therapy assistants address immediate and long-term implications of psychosocial issues related to compromised driving and community mobility throughout the occupational therapy process and makes recommendations to the occupational therapist for modification to service delivery."
224ZE0001X,Occupational Therapy Assistant,Environmental Modification,"Occupational therapy assistants provide environmental modifications under the supervision of an occupational therapist.  OTAs develop and implement an individualized occupational therapy environmental modification plan that reflects the relevant contexts of the client and relevant others and maximizes current and future occupational performance, safety, and participation of the client. Clients receive environmental modification recommendations and interventions that enable them to meet occupational performance and participation goals and that have adequate flexibility to accommodate for their future needs."
224ZF0002X,Occupational Therapy Assistant,"Feeding, Eating & Swallowing","Occupational therapy assistants provide environmental modifications under the supervision of an occupational therapist.  OTAs develop and implement an individualized occupational therapy environmental modification plan that reflects the relevant contexts of the client and relevant others and maximizes current and future occupational performance, safety, and participation of the client. Clients receive environmental modification recommendations and interventions that enable them to meet occupational performance and participation goals and that have adequate flexibility to accommodate for their future needs."
224ZL0004X,Occupational Therapy Assistant,Low Vision,"Occupational therapy assistants contribute to the completion of an individualized occupational therapy low-vision evaluation under the direction and supervision of the occupational therapist to identify factors that may facilitate, compensate for, or inhibit use of vision in occupational performance.  Clients are engaged in the identification of strengths, limitations, and goals as they relate to low vision to optimize independence and participation in desired occupations.  Occupational therapy assistants also contribute to the development and implementation of an individualized occupational therapy low-vision intervention plan in collaboration with the occupational therapist, client, and relevant others that reflects the client's priorities for occupational performance."
225000000X,Orthotic Fitter,,An individual trained in the management of fitting prefabricated orthoses.
222Z00000X,Orthotist,,"A health care professional who is specifically educated and trained to manage comprehensive orthotic patient care, including musculoskeletal and neuromuscular anomalies resulting from injuries or disease processes involving the lower extremity, upper extremity or spinal segment/s and positional deformation of the cranium. Orthotists assess specific patient needs, formulate an appropriate treatment plan, implement the treatment plan and provide follow-up care."
224L00000X,Pedorthist,,"An individual who is trained in the management and treatment of conditions of the foot, ankle, and lower extremities requiring fitting, fabricating, and adjusting of pedorthic devices."
225100000X,Physical Therapist,,"Physical therapists (PTs) are licensed health care professionals who diagnose and treat individuals of all ages, from newborns to the very oldest, who have medical problems or other health-related conditions that limit their abilities to move and perform functional activities in their daily lives. PTs examine each individual and develop a plan using treatment techniques to promote the ability to move, reduce pain, restore function, and prevent disability. In addition, PTs work with individuals to prevent the loss of mobility before it occurs by developing fitness- and wellness-oriented programs for healthier and more active lifestyles. PTs: 1.Diagnose and manage movement dysfunction and enhance physical and functional abilities. 2.Restore, maintain, and promote not only optimal physical function but optimal wellness and fitness and optimal quality of life as it relates to movement and health. 3.Prevent the onset, symptoms, and progression of impairments, functional limitations, and disabilities that may result from diseases, disorders, conditions, or injuries. 4.Treat conditions of the musculoskeletal, neuromuscular, cardiovascular, pulmonary, and/or integumentary systems. 5.Address the negative effects attributable to unique personal and environmental factors as they relate to human performance. 6.PTs provide care for people in a variety of settings, including hospitals, private practices, outpatient clinics, home health agencies, schools, sports and fitness facilities, work settings, and nursing homes. State licensure is required in each state in which a PT practices."
2251C2600X,Physical Therapist,Cardiopulmonary,"A licensed physical therapist, including but not limited to an individual who is a Board Certified Specialist in Cardiovascular & Pulmonary Physical Therapy, who has demonstrated specialized knowledge and skill in cardiovascular and pulmonary anatomy and physiology medicine, rehabilitation, critical care, and emergency and trauma."
2251E1300X,Physical Therapist,"Electrophysiology, Clinical","A licensed physical therapist, including but not limited to an individual who is a Board Certified Specialist in Clinical Electrophysiologic Physical Therapy, who has demonstrated specialized knowledge and skill in electrophysiologic examinations and evaluations and encompasses both the professional and technical components of the observation, recording, analysis, and interpretation of bioelectric muscle and nerve potentials, detected by means of surface or needle electrodes, for the purpose of evaluating the integrity of the neuromuscular system. Electrophysiologic evaluations include, but are not limited to, electrodiagnostic testing, which includes clinical needle electromyography, motor and sensory nerve conduction studies, and other evoked potential procedures."
2251E1200X,Physical Therapist,Ergonomics,"A licensed physical therapist who has demonstrated specialized knowledge and skills pertaining to the workplace, occupational demands, prevention of work-related injury, management of the worker with job-related symptoms or participation restrictions, and provides individual, group or population level evaluation, intervention and consulting to enhance worker performance."
2251G0304X,Physical Therapist,Geriatrics,"A licensed physical therapist, including but not limited to an individual who is a Board Certified Specialist in Geriatric Physical Therapy, who has demonstrated specialized knowledge and skill in the comprehensive biopsychosocial assessment and evidence-based management of movement in aging adults. This includes, but is not limited to, specialized knowledge in and consideration of normal age-related changes and pathological manifestations across all systems; cognition and mental health; polypharmacy; fall risk mitigation; bone health; healthy and active aging, and socioeconomic and health policy issues affecting aging adults. The geriatric physical therapist is an integral part of the interdisciplinary geriatric team and serves as an advocate for the highest level of well-being for the older adult."
2251H1200X,Physical Therapist,Hand,Definition to come...
2251H1300X,Physical Therapist,Human Factors,Definition to come...
2251N0400X,Physical Therapist,Neurology,"A licensed physical therapist, including but not limited to an individual who is a Board Certified Specialist in Neurologic Physical Therapy, who has demonstrated specialized knowledge and skill in neuroanatomy and neurophysiology, including knowledge of central, peripheral, and autonomic nervous systems in populations with and without neurologic conditions; motor control and movement sciences in populations with and without neurologic conditions; behavioral sciences, including psychology and neuropsychology, and psychiatry; and medical management and pharmacology."
2251X0800X,Physical Therapist,Orthopedic,"A licensed physical therapist, including but not limited to an individual who is a Board Certified Specialist in Orthopaedic Physical Therapy, who has demonstrated specialized knowledge and skill in human anatomy and physiology, movement science; pathology/pathophysiology, pain science, medical and surgical considerations, orthopaedic physical therapy theory and practice, and critical inquiry for evidence-based practice."
2251P0200X,Physical Therapist,Pediatrics,"A licensed physical therapist, including but not limited to an individual who is a Board Certified Specialist in Pediatric Physical Therapy, who has demonstrated specialized knowledge and skill in anatomy, histology, including embryonic development, genetics, biomechanics, neurological function, neuroscience, and pathology, behavioral sciences, and understanding of diseases or conditions that necessitate physical therapy care, that affect systems that in turn necessitate physical therapy care (comorbidities), and that influence the type of intervention that can be given."
2251S0007X,Physical Therapist,Sports,"A licensed physical therapist, including but not limited to an individual who is a Board Certified Specialist in Sports Physical Therapy, who has demonstrated specialized knowledge and skill in human anatomy and physiology, movement science, pathology and pathophysiology, medical and surgical intervention, and health and wellness, as well as rehabilitation/return to sports, management of acute injury/illness, medical and surgical consideration, injury prevention, and sports performance enhancement."
225200000X,Physical Therapy Assistant,,"(1)Physical therapist assistants are skilled health care providers who are graduates of a physical therapist assistant associate degree program accredited by an agency recognized by the Secretary of the U.S. Department of Education or Council on Postsecondary Accreditation, who assists the physical therapist in providing physical therapy. The supervising physical therapist is directly responsible for the actions of the physical therapist assistant. The PTA performs physical therapy procedures and related tasks that have been selected and delegated by the supervising physical therapist. Duties of the PTA include assisting the physical therapist in implementing treatment programs, training patients in exercised and activities of daily living, conducting treatments, and reporting to the physical therapist on the patient's responses. In addition to direct patient care, the PTA may also perform such functions as patient transport, and clinic or equipment preparation and maintenance. Currently more than half of all states require PTAs to be licensed, registered or certified. (2) An individual who works under the supervision of a physical therapist to assist him or her in providing physical therapy services. A physical therapy assistant may, for instance, help patients follow an appropriate exercise program that will increase their strength, endurance, coordination, and range of motion and train patients to perform activities of daily life."
224P00000X,Prosthetist,,"A health care professional who is specifically educated and trained to manage comprehensive prosthetic patient care for individuals who have sustained complete or partial limb loss or absence. Prosthetists assess specific patient needs, formulate an appropriate treatment plan, implement the treatment plan and provide follow-up care."
225B00000X,Pulmonary Function Technologist,,"An individual who is trained and qualified to perform pulmonary diagnostic tests.  In the course of conducting these tests, the Pulmonary Function Technologist is able to setup, calibrate, maintain, and ensure the quality assurance of the pulmonary function testing equipment.  In the laboratory, clinical or patient care setting the technologist instructs patients, elicits cooperation, performs procedures, monitors patient response, and evaluates patient performance.  Tests results are calculated, compared with predicted normal ranges, and evaluated for reliability.  The technologist collects clinical history data and evaluates the clinical implications of the test results."
225800000X,Recreation Therapist,,"A recreation therapist uses recreational activities for intervention in some physical, social or emotional behavior to bring about a desired change in that behavior and promote the growth and development of the patient."
226000000X,Recreational Therapist Assistant,,"Recreational Therapist Assistants work in support of or assistant to Recreational Therapists treating patients with disabilities, injuries, and illnesses.  Recreational Therapist Assistants work in a variety of settings providing treatments using recreational activities, including games, sports, and crafts."
225C00000X,Rehabilitation Counselor,,"An individual trained and educated in a systematic process of assisting persons with physical, mental, developmental, cognitive, and emotional disabilities to achieve their personal, career, and independent living goals assessment and appraisal, diagnosis and treatment planning, career (vocational) counseling, individual and group counseling interventions for adjustments to the medical and psychosocial impact of disability, case management, program evaluation and research, job analysis and placement counseling, and consultation on rehabilitation resources and technology. Certification generally requires a Master's degree with specialized courses in rehabilitation processes and technology."
225CA2400X,Rehabilitation Counselor,Assistive Technology Practitioner,Definition to come...
225CA2500X,Rehabilitation Counselor,Assistive Technology Supplier,Definition to come...
225CX0006X,Rehabilitation Counselor,Orientation and Mobility Training Provider,"Orientation and Mobility (O&M) specialists teach children and adults who have visual impairments the specific orientation skills used to find one's way in the environment and the mobility skills needed to travel safely and efficiently at home, school, work, and in the community. Instruction is usually provided one-on-one and can include skills such as how to use a long cane, the operation of low vision devices and electronic travel aids when appropriate, how to orient oneself to new environments, navigate public transportation systems, how to cross streets safely, and traveling by using hearing, remaining vision, and other senses.  In addition, O&M Specialists help children to develop fundamental skills such as fine and gross motor skills, concept development and problem solving skills. Adult clients can also benefit from an O&M specialist evaluating their current use of travel-related skills, discussing their future goals, and helping them select a program of instruction that will allow them to reach their greatest travel potential."
225400000X,Rehabilitation Practitioner,,A health care practitioner who trains or retrains individuals disabled by disease or injury to help them attain their maximum functional capacity.
227800000X,"Respiratory Therapist, Certified",,"A Certified Respiratory Therapist (CRT) is a an entry level therapist who has passed a standardized written examination administered by the National Board for Respiratory Care (NBRC).  CRTs provide diagnostic testing, therapeutics, monitoring, rehabilitation, and education to patients with disorders of the cardiopulmonary system.  They provide these respiratory care services in all health care facilities and in the home.  A CRT is a graduate of an associate degree program approved by the Commission on Accreditation of Allied Health Educational Programs (CAAHEP) and where applicable, is licensed by the state and is practicing within the scope of the license."
2278C0205X,"Respiratory Therapist, Certified",Critical Care,"Respiratory emergencies are commonplace in the treatment of critical care patients.  Included in the assessment measurements conducted by the respiratory therapist in the critical care settings are arterial blood gas puncture and analysis, intrarterial monitoring, bedside measurements of lung mechanics, hemodynamic monitoring, and inspired and expired gas measurements.  This is coupled with the initiation and management of mechanical ventilation patients."
2278E1000X,"Respiratory Therapist, Certified",Educational,"The focus of patient and family education activities is to promote knowledge of disease process, medical therapy, and self help.  Respiratory therapists are uniquely qualified to provide this service in regard to cardiopulmonary diseases and injury."
2278E0002X,"Respiratory Therapist, Certified",Emergency Care,"The immediate availability of diagnostic and therapeutic cardiopulmonary services in the assessment and management of trauma victims, patients requiring airway management and others requiring emergency care."
2278G1100X,"Respiratory Therapist, Certified",General Care,"This level of care includes diagnostics testing, therapeutics, monitoring, rehabilitation of patients with disorders of the cardiopulmonary system, as well as, education of the patient and family in regard to those disorders."
2278G0305X,"Respiratory Therapist, Certified",Geriatric Care,"Care of older patients who have age and/or disease related decremental pulmonary changes.  Diagnosis and treatment is very important for this group since chronic lung disease is the major cause of morbidity and mortality among them.  Furthermore, as this segment of the population increases, life expectancy is being extended."
2278H0200X,"Respiratory Therapist, Certified",Home Health,"Home care fosters individual responsibility for self-management of chronic respiratory conditions.  It includes individualized assessment based plans of care service developed to promote safe, proper, and sustained use of prescribed respiratory therapy medications, equipment, and techniques in the home."
2278P3900X,"Respiratory Therapist, Certified",Neonatal/Pediatrics,"The care and treatment of premature infants, newborns and children.  This includes management of mechanical ventilation, assessment, diagnostics and generalized respiratory treatments."
2278P3800X,"Respiratory Therapist, Certified",Palliative/Hospice,A coordinated plan of care to help dying patients and their families handle the burden of terminal care.  Effective secretion management and relief of dyspnea are paramount in caring for patients with end-stage pulmonary disease.
2278P4000X,"Respiratory Therapist, Certified",Patient Transport,"Transport respiratory therapist provide patient assessment, initiation of treatment modalities and continued monitoring of patient status of the critically ill and injured patients with special attention to advanced airway and ventilator management.  The transport respiratory therapist knowledge and experience with complex neonatal, pediatric and adult patient care issues provides them with an expertise to assist with any patient care issue in a variety of transport modes."
2278P1004X,"Respiratory Therapist, Certified",Pulmonary Diagnostics,"Included in the area of pulmonary diagnostics are the following; collection and analysis of physiological specimens, interpretation of physiological data, administration of tests of the cardiopulmonary system, and the conduct of both neurophysiological and sleep disorders studies."
2278P1006X,"Respiratory Therapist, Certified",Pulmonary Function Technologist,"An individual who is trained and qualified to perform pulmonary diagnostic tests.  In the course of conducting these tests, the Pulmonary Function Technologist is able to setup, calibrate, maintain, and ensure the quality assurance of the pulmonary function testing equipment.  In the laboratory, clinical or patient care setting the technologist instructs patients, elicits cooperation, performs procedures, monitors patient response, and evaluates patient performance.  Tests results are calculated, compared with predicted normal ranges, and evaluated for reliability.  The technologist collects clinical history data and evaluates the clinical implications of the test results."
2278P1005X,"Respiratory Therapist, Certified",Pulmonary Rehabilitation,"The respiratory therapist can assist the chronic pulmonary patient in returning to an optimal role in society by providing an effective program.  It includes bronchopulmonary drainage, exercise therapy, and patient education."
2278S1500X,"Respiratory Therapist, Certified",SNF/Subacute Care,Care of residents in a long-term care environment.  Respiratory modalities delivered include those similar in the general care and critical care areas but provided to less critical patients.
227900000X,"Respiratory Therapist, Registered",,"A Registered Respiratory Therapist (RRT) is an advanced therapist who has passed standardized written and clinical simulation examinations administered by the National Board for Respiratory Care (NBRC).  In addition, to the certified therapist (CRT) entry level skills, RRTs have advanced education and training in patient assessment, in the development and modification of patient care plans, and in assuring the appropriate utilization of respiratory care resources.  An RRT is a graduate of an associate or baccalaureate degree producing educational programs approved by the Commission on Accreditation of Allied Health Education Programs (CAAHEP) and where applicable, is licensed by the state and is practicing within the scope of that license."
2279C0205X,"Respiratory Therapist, Registered",Critical Care,"Respiratory emergencies are commonplace in the treatment of critical care patients.  Included in the assessment measurements conducted by the respiratory therapist in the critical care settings are arterial blood gas puncture and analysis, intrarterial monitoring, bedside measurements of lung mechanics, hemodynamic monitoring, and inspired and expired gas measurements.  This is coupled with the initiation and management of mechanical ventilation patients."
2279E1000X,"Respiratory Therapist, Registered",Educational,"The focus of patient and family education activities is to promote knowledge of disease process, medical therapy, and self help.  Respiratory therapists are uniquely qualified to provide this service in regard to cardiopulmonary diseases and injury."
2279E0002X,"Respiratory Therapist, Registered",Emergency Care,"The immediate availability of diagnostic and therapeutic cardiopulmonary services in the assessment and management of trauma victims, patients requiring airway management and others requiring emergency care."
2279G1100X,"Respiratory Therapist, Registered",General Care,"This level of care includes diagnostics testing, therapeutics, monitoring, rehabilitation of patients with disorders of the cardiopulmonary system, as well as, education of the patient and family in regard to those disorders."
2279G0305X,"Respiratory Therapist, Registered",Geriatric Care,"Care of older patients who have age and/or disease related decremental pulmonary changes.  Diagnosis and treatment is very important for this group since chronic lung disease is the major cause of morbidity and mortality among them.  Furthermore, as this segment of the population increases, life expectancy is being extended."
2279H0200X,"Respiratory Therapist, Registered",Home Health,"Home care fosters individual responsibility for self-management of chronic respiratory conditions.  It includes individualized assessment based plans of care service developed to promote safe, proper, and sustained use of prescribed respiratory therapy medications, equipment, and techniques in the home."
2279P3900X,"Respiratory Therapist, Registered",Neonatal/Pediatrics,"The care and treatment of premature infants, newborns and children.  This includes management of mechanical ventilation, assessment, diagnostics and generalized respiratory treatments."
2279P3800X,"Respiratory Therapist, Registered",Palliative/Hospice,A coordinated plan of care to help dying patients and their families handle the burden of terminal care.  Effective secretion management and relief of dyspnea are paramount in caring for patients with end-stage pulmonary disease.
2279P4000X,"Respiratory Therapist, Registered",Patient Transport,"Transport respiratory therapist provide patient assessment, initiation of treatment modalities and continued monitoring of patient status of the critically ill and injured patients with special attention to advanced airway and ventilator management.  The transport respiratory therapist knowledge and experience with complex neonatal, pediatric and adult patient care issues provides them with an expertise to assist with any patient care issue in a variety of transport modes."
2279P1004X,"Respiratory Therapist, Registered",Pulmonary Diagnostics,"Included in the area of pulmonary diagnostics are the following; collection and analysis of physiological specimens, interpretation of physiological data, administration of tests of the cardiopulmonary system, and the conduct of both neurophysiological and sleep disorders studies."
2279P1006X,"Respiratory Therapist, Registered",Pulmonary Function Technologist,"An individual who is trained and qualified to perform pulmonary diagnostic tests.  In the course of conducting these tests, the Pulmonary Function Technologist is able to setup, calibrate, maintain, and ensure the quality assurance of the pulmonary function testing equipment.  In the laboratory, clinical or patient care setting the technologist instructs patients, elicits cooperation, performs procedures, monitors patient response, and evaluates patient performance.  Tests results are calculated, compared with predicted normal ranges, and evaluated for reliability.  The technologist collects clinical history data and evaluates the clinical implications of the test results."
2279P1005X,"Respiratory Therapist, Registered",Pulmonary Rehabilitation,"The respiratory therapist can assist the chronic pulmonary patient in returning to an optimal role in society by providing an effective program.  It includes bronchopulmonary drainage, exercise therapy, and patient education."
2279S1500X,"Respiratory Therapist, Registered",SNF/Subacute Care,Care of residents in a long-term care environment.  Respiratory modalities delivered include those similar in the general care and critical care areas but provided to less critical patients.
225500000X,Specialist/Technologist,,General classification identifying individuals who are trained on a specific piece of equipment or technical procedure.
2255A2300X,Specialist/Technologist,Athletic Trainer,"Athletic trainers are allied health care professionals who work in consultation with or under the direction of physicians, and specialize in the prevention, assessment, treatment and rehabilitation of injuries and illnesses.  Currently, the entry-level employment requirements are a bachelor's degree with a major in athletic training from an accredited university or college. A majority of athletic trainers hold advanced degrees.  National board certification is generally required as a condition of state licensure and employment. Most states regulate athletic trainers, and they practice within the scope of that license or regulation.  Clinical practice includes emergency care, rehabilitation, reconditioning, therapeutic exercise, wellness programs, exercise physiology, kinesiology, biomechanics, nutrition, psychology and health care administration."
2255R0406X,Specialist/Technologist,"Rehabilitation, Blind",Definition to come...
231H00000X,Audiologist,,"(1) A specialist in evaluation, habilitation and rehabilitation of those whose communication disorders center in whole or in part in hearing function. Audiologists are autonomous professionals who identify, assess, and manage disorders of the auditory, balance and other neural systems. Audiologists provide audiological (aural) rehabilitation to children and adults across the entire age span. Audiologists select, fit and dispense amplification systems such as hearing aids and related devices. (2) An audiologist is a person qualified by a master's degree in audiology, licensed by the state, where applicable, and practicing within the scope of that license. Audiologists evaluate and treat patients with impaired hearing. They plan, direct and conduct rehabilitative programs with audiotry substitutional devises (hearing aids) and other therapy."
231HA2400X,Audiologist,Assistive Technology Practitioner,Definition to come...
231HA2500X,Audiologist,Assistive Technology Supplier,Definition to come...
237600000X,Audiologist-Hearing Aid Fitter,,"An audiologist/hearing aid fitter is the professional who specializes in evaluating and treating people with hearing loss, conducts a wide variety of tests to determine the exact nature of an individual's hearing problem, presents a variety of treatment options to patients, dispenses and fits hearing aids, administers tests of balance to evaluate dizziness and provides hearing rehabilitation training. This classification should be used where individuals are licensed as ""audiologist-hearing aid fitters"" as opposed to states that license individuals as ""audiologists""."
237700000X,Hearing Instrument Specialist,,"Individuals who test hearing for the selection, adaptation, fitting, adjusting, servicing, and sale of hearing aids. Hearing Instrument Specialist is a designation provided individuals who qualify by the National Hearing Aid Society"
235500000X,Specialist/Technologist,,General classification identifying individuals who are trained on a specific piece of equipment or technical procedure.
2355A2700X,Specialist/Technologist,Audiology Assistant,Definition to come...
2355S0801X,Specialist/Technologist,Speech-Language Assistant,Definition to come...
235Z00000X,Speech-Language Pathologist,,"The speech-language pathologist is the professional who engages in clinical services, prevention, advocacy, education, administration, and research in the areas of communication and swallowing across the life span from infancy through geriatrics. Speech-language pathologists address typical and atypical impairments and disorders related to communication and swallowing in the areas of speech sound production, resonance, voice, fluency, language (comprehension and expression), cognition, and feeding and swallowing."
390200000X,Student in an Organized Health Care Education/Training Program,,"An individual who is enrolled in an organized health care education/training program leading to a degree, certification, registration, and/or licensure to provide health care. "
242T00000X,Perfusionist,,"A perfusionist operates extracorporeal circulation and autotransfusion equipment during any medical situation where it is necessary to support or temporarily replace the patient's circulatory or respiratory function. The perfusionist is knowledgeable concerning the variety of equipment available to perform extracorporeal circulation functions and is responsible, in consultation with the physician, for selecting the appropriate equipment and techniques to be used."
247100000X,Radiologic Technologist,,A medical imaging or radiation therapy professional who is appropriately educated and trained to perform medical imaging procedures using ionizing and nonionizing radiation.
2471B0102X,Radiologic Technologist,Bone Densitometry,"A radiologic technologist who specializes in bone densitometry and is appropriately educated and trained, consistent with nationally recognized standards, state statute, and facility policy, in performance of bone density imaging, exam techniques, equipment protocols, radiation safety, and patient care."
2471C1106X,Radiologic Technologist,Cardiac-Interventional Technology,"A radiologic technologist who specializes in cardiac interventional and is appropriately educated and trained, consistent with nationally recognized standards, state statute, and facility policy, in cardiac interventional technology imaging, exam techniques, equipment protocols, radiation safety, and patient care."
2471C1101X,Radiologic Technologist,Cardiovascular-Interventional Technology,A radiologic technologist who specializes in cardiovascular interventional technology.
2471C3401X,Radiologic Technologist,Computed Tomography,"A radiologic technologist who specializes in computed tomography (CT) and is appropriately educated and trained, consistent with nationally recognized standards, state statute, and facility policy in performance of CT imaging, exam techniques, equipment protocols, radiation safety, and patient care."
2471M1202X,Radiologic Technologist,Magnetic Resonance Imaging,"A radiologic technologist who specializes in magnetic resonance imaging (MRI) and is appropriately educated and trained, consistent with nationally recognized standards, state statute, and facility policy in performance of MRIs, exam techniques, equipment protocols, radiation safety, and patient care."
2471M2300X,Radiologic Technologist,Mammography,"A radiologic technologist who specializes in mammography and is appropriately educated and trained, consistent with nationally recognized standards, state statute, and facility policy in performance of mammogram imaging, exam techniques, equipment protocols, radiation safety, and patient care."
2471N0900X,Radiologic Technologist,Nuclear Medicine Technology,"A radiologic technologist who specializes in nuclear medicine technology and is appropriately educated and trained, consistent with nationally recognized standards, state statute, and facility policy in performance of nuclear medicine imaging, administration of radiopharmaceuticals to patients, exam techniques, equipment protocols, radiation safety, and patient care."
2471Q0001X,Radiologic Technologist,Quality Management,A radiologic technologist who specializes in quality management.
2471R0002X,Radiologic Technologist,Radiation Therapy,"A radiologic technologist who specializes in radiation therapy and is appropriately educated and trained, consistent with nationally recognized standards, state statute, and facility policy, in administration of radiation therapy, exam techniques, equipment protocols, radiation safety, and patient care."
2471C3402X,Radiologic Technologist,Radiography,"A radiologic technologist who specializes in radiography (also known as x-rays) and is appropriately educated and trained, consistent with nationally recognized standards, state statute, and facility policy in performance of radiographs, exam techniques, equipment protocols, radiation safety, and patient care."
2471S1302X,Radiologic Technologist,Sonography,"A radiologic technologist who specializes in sonography and is appropriately educated and trained, consistent with nationally recognized standards, state statute, and facility policy in performance of ultrasounds, exam techniques, equipment protocols, radiation safety, and patient care."
2471V0105X,Radiologic Technologist,Vascular Sonography,"A radiologic technologist who specializes in vascular sonography and is trained in the use of ultrasound equipment to image veins and arteries, which health care providers use to diagnose and treat various vascular conditions."
2471V0106X,Radiologic Technologist,Vascular-Interventional Technology,"A radiologic technologist who specializes in vascular interventional and is appropriately educated and trained, consistent with nationally recognized standards, state statute, and facility policy in performance of vascular interventional imaging, exam techniques, equipment protocols, radiation safety, and patient care."
243U00000X,Radiology Practitioner Assistant,,"A Radiology Practitioner Assistant (RPA) is a health professional certified as a registered radiographer with the American Registry of Radiologic Technologists (ARRT) and, in addition, is credentialed to provide primary radiology health care with radiologist supervision. Radiology Practitioner Assistants are qualified by graduation from an educational program recognized by the Board of Directors of athe Certification Board for Radiology Practitioner Assistants (CBRPA) and certified by the CBRPA. Within the Radiologist/RPA relationship, Radiology Practitioner Assistants exercise autonomy in decision making in the role of a primary caregiver with regard to patient assessment, patient management and in providing a broad range of radiology diagnostic and interventional services. The clinical role of the Radiology Practitioner Assistant includes primary and specialty care in radiology practice settings in rural and urban areas."
246X00000X,Specialist/Technologist Cardiovascular,,"An allied health professional who performs diagnostic examinations at the request or direction of a physician in one or more of the following three areas: invasive cardiology, noninvasive cardiology, and noninvasive peripheral vascular study. Cardiovascular technologists are one type of allied health professional for which the Committee on Allied Health Education and Accreditation has accredited education programs"
246XC2901X,Specialist/Technologist Cardiovascular,Cardiovascular Invasive Specialist,Definition to come...
246XS1301X,Specialist/Technologist Cardiovascular,Sonography,Definition to come...
246XC2903X,Specialist/Technologist Cardiovascular,Vascular Specialist,Definition to come...
246Y00000X,"Specialist/Technologist, Health Information",,"An individual with a high school diploma, on-the-job experience and coding education from seminars or college classes who passes a national certification examination in either inpatient and outpatient facility services coding, or physician services coding."
246YC3301X,"Specialist/Technologist, Health Information","Coding Specialist, Hospital Based",None
246YC3302X,"Specialist/Technologist, Health Information","Coding Specialist, Physician Office Based",None
246YR1600X,"Specialist/Technologist, Health Information",Registered Record Administrator,None
246Z00000X,"Specialist/Technologist, Other",,General classification identifying individuals trained on specific equipment and technical procedures in one of a collection of miscellaneous healthcare disciplines.
246ZA2600X,"Specialist/Technologist, Other","Art, Medical",None
246ZB0500X,"Specialist/Technologist, Other",Biochemist,Definition to come...
246ZB0301X,"Specialist/Technologist, Other",Biomedical Engineering,None
246ZB0302X,"Specialist/Technologist, Other",Biomedical Photographer,None
246ZB0600X,"Specialist/Technologist, Other",Biostatistician,None
246ZE0500X,"Specialist/Technologist, Other",EEG,Definition to come...
246ZE0600X,"Specialist/Technologist, Other",Electroneurodiagnostic,Definition to come...
246ZG1000X,"Specialist/Technologist, Other","Geneticist, Medical (PhD)",Definition to come...
246ZG0701X,"Specialist/Technologist, Other",Graphics Methods,None
246ZI1000X,"Specialist/Technologist, Other","Illustration, Medical",None
246ZN0300X,"Specialist/Technologist, Other",Nephrology,Definition to come...
246ZX2200X,"Specialist/Technologist, Other",Orthopedic Assistant,"An Orthopaedic Assistant is a person who has been trained to work as a physician extender in both clinical and surgical environments. An Orthopaedic Assistant assists with aspects of patient care as determined by the supervising surgeon including, but not limited to, obtaining patient history, assisting with examinations, injections, recording of office notes, and application/adjustment/removal of splints, casts, and other immobilization devices.  Acting as a surgical first assistant for orthopaedic surgery cases includes providing aid in exposure, hemostasis, positioning of the patient, suturing and closure of body planes and skin, application of wound dressings or immobilization devices, and other technical functions that will help the surgeon carry out a safe operation with optimal results for the patient.  An Orthopaedic Assistant may be licensed, registered, or certified depending on the state in which the individual practices."
246ZC0007X,"Specialist/Technologist, Other",Surgical Assistant,"A surgical assistant is a skilled practitioner who has undergone formalized education and training as a surgical assistant. The surgical assistant performs surgical functions that include, but are not limited to: retracting, manipulating, suturing, clamping, cauterizing, litigating, and tying tissue; suctioning, irrigating and sponging; positioning the patient; closure of body planes and skin; and participating in hemostasis and volume replacement. Surgical assistants are certified and registered or licensed by the state, or, in states without licensure, certified as surgical assistants by completing appropriate education and training."
246ZS0410X,"Specialist/Technologist, Other",Surgical Technologist,"Surgical technologists are allied health professionals, who are an integral part of the team of medical practitioners providing surgical care to patients. Surgical technologists work under the supervision of a surgeon to facilitate the safe and effective conduct of invasive surgical procedures, ensuring that the operating room environment is safe, that equipment functions properly, and that the operative procedure is conducted under conditions that maximize patient safety. Surgical technologists possess expertise in the theory and application of sterile and aseptic technique and combine the knowledge of human anatomy, surgical procedures, and implementation tools and technologies to facilitate a physician's performance of invasive therapeutic and diagnostic procedures."
246Q00000X,"Specialist/Technologist, Pathology",,"(1) An individual educated and trained in clinical chemistry, microbiology or other biological sciences; and in gathering data on the blood, tissues, and fluids in the human body. Tests and procedures performed or supervised center on major areas of hematology, microbiology, immunohematology, immunology, clinical chemistry and urinalysis. Education and certification requires the equivalent of an associate degree and alternative combinations of accredited training and experience. (2) A specially trained individual who works under the direction of a pathologist, other physician, or scientist, and performs specialized chemical, microscopic, and bacteriological tests of human blood, tissue, and fluids. Also known as medical technologists, they perform and supervise tests and procedures in clinical chemistry, immunology, serology, bacteriology, hematology, parasitology, mycology, urinalysis, and blood banking. The work requires the correlation of test results with other data, interpretation of test findings, and exercise of independent judgment. The minimum educational requirement (for one of several certification programs in medical technology) is a baccalaureate degree with appropriate science course requirements, plus a twelve-month, structured, AMA approved medical technology program and an examination; or a baccalaureate degree with appropriate science course requirements and experience."
246QB0000X,"Specialist/Technologist, Pathology",Blood Banking,Definition to come...
246QC1000X,"Specialist/Technologist, Pathology",Chemistry,Definition to come...
246QC2700X,"Specialist/Technologist, Pathology",Cytotechnology,Definition to come...
246QH0401X,"Specialist/Technologist, Pathology",Hemapheresis Practitioner,Definition to come...
246QH0000X,"Specialist/Technologist, Pathology",Hematology,Definition to come...
246QH0600X,"Specialist/Technologist, Pathology",Histology,Definition to come...
246QI0000X,"Specialist/Technologist, Pathology",Immunology,Definition to come...
246QL0900X,"Specialist/Technologist, Pathology",Laboratory Management,Definition to come...
246QL0901X,"Specialist/Technologist, Pathology","Laboratory Management, Diplomate",Definition to come...
246QM0706X,"Specialist/Technologist, Pathology",Medical Technologist,Definition to come...
246QM0900X,"Specialist/Technologist, Pathology",Microbiology,Definition to come...
246W00000X,"Technician, Cardiology",,"An individual who has knowledge of specific techniques, instruments, and equipment required in performing specific cardiovascular/peripheral vascular diagnostic procedures."
247000000X,"Technician, Health Information",,"Preferred term for an Accredited Record Technician who is an individual with an associate's degree from an accredited college or independent study program who is skilled in analyzing health information and in examination of medical records for accuracy, reporting of patient data for reimbursement, and creation of disease registries for researchers."
2470A2800X,"Technician, Health Information",Assistant Record Technician,None
247200000X,"Technician, Other",,A collective term for persons with specialized training in various narrow fields of expertise whose occupations require training and skills in specific technical processes and procedures; and where further classification is deemed unnecessary by the user.
2472B0301X,"Technician, Other",Biomedical Engineering,None
2472D0500X,"Technician, Other",Darkroom,None
2472E0500X,"Technician, Other",EEG,Definition to come...
2472R0900X,"Technician, Other",Renal Dialysis,Definition to come...
2472V0600X,"Technician, Other",Veterinary,None
246R00000X,"Technician, Pathology",,An individual with knowledge of specific techniques and instruments who performs all of the routine tests in a medical laboratory and who has the ability to discriminate between similar factors that directly affect procedures and results.
247ZC0005X,"Technician, Pathology","Clinical Laboratory Director, Non-physician",An individual who is state-licensed as a clinical laboratory director and meets the qualifications in the Clinical Laboratory Improvement Amendments of 1988 for non-physicians (non-MD/DO) as defined in the CFR 42 Part 493.1405.
246RH0600X,"Technician, Pathology",Histology,Definition to come...
246RM2200X,"Technician, Pathology",Medical Laboratory,Definition to come...
246RP1900X,"Technician, Pathology",Phlebotomy,Definition to come...
251B00000X,Case Management,,"An organization that is responsible for providing case management services.  The agency provides services which assist an individual in gaining access to needed medical, social, educational, and/or other services.  Case management services may be used to locate, coordinate, and monitor necessary appropriate services.  It may be used to encourage the use of cost-effective medical care by referrals to appropriate providers and to discourage over utilization of costly services.  Case management may also serve to provide necessary coordination of non-medical services such as vocational rehabilitation, education, employment, when the services provided enable the individual to function at the highest level."
251S00000X,Community/Behavioral Health,,"A private or public agency usually under local government jurisdiction, responsible for assuring the delivery of community based mental health, intellectual disabilities, substance abuse and/or behavioral health services to individuals with those disabilities. Services may range from companion care, respite, transportation, community integration, crisis intervention and stabilization, supported employment, day support, prevocational services, residential support, therapeutic and supportive consultation, environmental modifications, intensive in-home therapy and day treatment, in addition to traditional mental health and behavioral treatment."
251C00000X,"Day Training, Developmentally Disabled Services",,"These agencies are authorized to provide day habilitation services to developmentally disabled individuals who live in their homes.  The function of day habilitation is to assist an individual to acquire and maintain those life skills that enable the individual to cope more effectively with the demands of independent living.  Also to raise the level of the individual's physical, mental, social, and vocational functioning."
252Y00000X,Early Intervention Provider Agency,,"Early intervention services are an effective way to address the needs of infants and toddlers who have developmental delays or disabilities. The services are made available through a federal law known as the Individuals with Disabilities Education Act (IDEA). IDEA provides states and territories with specific requirements for providing early intervention services to infants and toddlers with special needs. In turn, each state and territory develops its own policies for carrying out IDEA and its requirements. Broadly speaking, early intervention services are special services for eligible infants and toddlers and their families. These services are designed to identify and meet children's needs in five developmental areas. These areas are: physical development, cognitive development, communication, social or emotional development, and adaptive development."
253J00000X,Foster Care Agency,,"A Foster Care Agency is an agency that provides foster care as defined in the Code of Federal Regulations (CFR) as ""24-hour substitute care for children outside their own homes."" Foster care settings include, but are not limited to, nonrelative foster family homes, relative foster homes (whether payments are being made or not), group homes, emergency shelters, residential facilities, and pre-adoptive homes."
251E00000X,Home Health,,"A public agency or private organization, or a subdivision of such an agency or organization, that is primarily engaged in providing skilled nursing services and other therapeutic services, such as physical therapy, speech-language pathology services, or occupational therapy, medical social services, and home health aide services. It has policies established by a professional group associated with the agency or organization (including at least one physician and one registered nurse) to govern the services and provides for supervision of such services by a physician or a registered nurse; maintains clinical records on all patients; is licensed in accordance with State or local law or is approved by the State or local licensing agency as meeting the licensing standards, where applicable; and meets other conditions found by the Secretary of Health and Human Services to be necessary for health and safety."
251F00000X,Home Infusion,,Definition to come...
251G00000X,"Hospice Care, Community Based",,Definition to come...
253Z00000X,In Home Supportive Care,,"An In Home Supportive Care Agency provides services in the patient's home with the goal of enabling the patient to remain at home.  The services provided may include personal care services such as hands-on assistance with activities of daily living (ADLs), e.g., eating, bathing, dressing, and bladder and bowel requirements; homemaker services and instrumental activities of daily living (IADLs), e.g., taking medications, shopping for groceries, laundry, housekeeping, and companionship; and/or supervision or cuing so that a person can perform tasks themselves."
251300000X,Local Education Agency (LEA),,"The term local education agency means a public board of education or other public authority legally constituted within a State to either provide administrative control or direction of, or perform a service function for public schools serving individuals ages 0 - 21 in a state, city, county, township, school district, or other political subdivision including a combination of school districts or counties recognized in a State as an administrative agency for its public schools.  An LEA may provide, or employ professional who provide, services to children included in the Individuals with Disabilities Education Act (IDEA), such services may include, but are not limited to, such medical services as physical, occupational, and speech therapy."
251J00000X,Nursing Care,,"A Nursing Care Agency is an entity that provides skilled nursing care through the services of a Registered Nurse (RN) or a Licensed Practical Nurse (LPN), by employees, contracted individuals, or via a registry, in a variety of settings. The agency may engage in providing private duty nursing and/or staffing services."
251T00000X,Program of All-Inclusive Care for the Elderly (PACE) Provider Organization,,A PACE provider organization is a not-for-profit private or public entity that is primarily engaged in providing PACE services(unique capitated managed care benefits for the frail elderly which include comprehensive medical and social services).  The following characteristics also apply to a PACE organization.  It must:  have a governing board that includes community representation; be able to provide complete PACE services regardless of frequency or duration of services; have a physical site to provide adult day services; have a defined service area; have safeguards against conflict of interest; have demonstrated fiscal soundness and have a formal Participant Bill of Rights.
251K00000X,Public Health or Welfare,,Definition to come...
251X00000X,Supports Brokerage,,"A provider of service/function that assists participating individuals to make informed decisions about what will work best for them is consistent with their needs and reflects their individual circumstances. Serving as the agent of the individual, the service is available to assist in identifying immediate and long-term needs, developing options to meet those needs and accessing identified supports and services and may include assistance with recruiting, screening, hiring, and training in-home support providers. A family or person-centered planning approach is used. Supports Brokerage offers practical skills training to enable families and individuals to remain independent. Examples of skills training include providing information on recruiting and hiring personal care workers, managing personal care workers and providing information on effective communication and problem solving. The service/function provides sufficient information to assure that individuals understand the responsibilities involved with self-direction and assist in the development of an effective back-up and emergency plan. Plans may elect to fulfill the requirement of this service/function using a self-directed case manager or creating a distinct service. The Supports Brokerage documents the need for assistive services, planning for and documenting the use of excess funds and locating and maintaining services."
251V00000X,Voluntary or Charitable,,Definition to come...
261Q00000X,Clinic/Center,,"A facility or distinct part of one used for the diagnosis and treatment of outpatients. ""Clinic/Center"" is irregularly defined, sometimes being limited to organizations serving specialized treatment requirements or distinct patient/client groups (e.g., radiology, poor, and public health)."
261QM0855X,Clinic/Center,Adolescent and Children Mental Health,"An entity, facility, or distinct part of a facility providing diagnostic, treatment, and prescriptive services related to mental and behavioral disorders in children and adolescents.  Services may be provided to parents and family members of the patient in the form of conjoint, group, or individual therapy, and education and/or training."
261QA0600X,Clinic/Center,Adult Day Care,Definition to come...
261QM0850X,Clinic/Center,Adult Mental Health,"An entity, facility, or distinct part of a facility providing diagnostic, treatment, and prescriptive services related to mental and behavioral disorders in adults."
261QA0005X,Clinic/Center,Ambulatory Family Planning Facility,"An abortion/family planning facility where services are provided at a fixed specific location.  An Ambulatory Family Planning Facility does not provide overnight accommodations. The following procedures may be performed at an Ambulatory Family Planning Facility: abortions, laproscopy, hysterectomies, tubule ligation and other related procedures. Abortion is considered voluntary termination of pregnancy."
261QA0006X,Clinic/Center,Ambulatory Fertility Facility,"A fertility facility, which may be licensed, registered, or certified in some states,  that is not hospital-based, where services are provided at a fixed specific location. An Ambulatory Fertility Facility does not provide overnight accommodations. The following fertility procedures may be performed at an Ambulatory Fertility Facility: In Vitro Fertilization (IVF), Gamete Intrafallopian Transfer (GIFT), Embryo Transfer-Thaw (ET-T), Zygote Intrafallopian Transfer (ZIFT), Donor OOCYTE (DO) "
261QA1903X,Clinic/Center,Ambulatory Surgical,Definition to come...
261QA0900X,Clinic/Center,Amputee,"An entity, facility, or distinct part of a facility providing counseling, fitting, custom design, prescriptive, and training services related to congenital or postoperative absence of all or part of a limb or limbs."
261QA3000X,Clinic/Center,Augmentative Communication,"An entity, facility, or distinct part of a facility staffed by audiology and/or speech professionals with special training in the evaluation of a patient's potential for use of an augmentative communication device, determination of the most appropriate device, adjustment and maintenance of the device, and training the patient to use the device."
261QB0400X,Clinic/Center,Birthing,"A freestanding birth center is a health facility other than a hospital where childbirth is planned to occur away from the pregnant woman's residence, and that provides prenatal, labor and delivery, and postpartum care, as well as other ambulatory services for women and newborns."
261QC1500X,Clinic/Center,Community Health,Definition to come...
261QC1800X,Clinic/Center,Corporate Health,Definition to come...
261QC0050X,Clinic/Center,Critical Access Hospital,"An outpatient entity, facility, or distinct part of a facility within or affiliated with a Critical Access Hospital that provides access to primary care services for individuals in a small rural community and is Medicare certified."
261QD0000X,Clinic/Center,Dental,Definition to come...
261QD1600X,Clinic/Center,Developmental Disabilities,"An entity, facility, or distinct part of a facility providing comprehensive, multidiscipline diagnostic, treatment, therapy, training, and counseling services to children with congenital disorders that precipitate developmental delays and in many instances mental deficiencies (e.g., Cerebral Palsy, metabolic disorders, Sturge-Weber Syndrome, etc.)."
261QE0002X,Clinic/Center,Emergency Care,Definition to come...
261QE0700X,Clinic/Center,End-Stage Renal Disease (ESRD) Treatment,Definition to come...
261QE0800X,Clinic/Center,Endoscopy,Definition to come...
261QF0050X,Clinic/Center,"Family Planning, Non-Surgical","An entity, facility, or distinct part of a facility, or mobile unit providing non-surgical, family planning/reproductive services including physical examination, laboratory services such as PAP or pregnancy tests; pregnancy, pregnancy prevention/contraceptive, and nutritional counseling, and contraceptives or prescriptions for contraceptives."
261QF0400X,Clinic/Center,Federally Qualified Health Center (FQHC),Definition to come...
261QG0250X,Clinic/Center,Genetics,"An entity, facility, or distinct part of a facility providing analysis of family history, genetic laboratory testing and analysis, diagnosis of genetic trait, prognosis and options.  Laboratory studies may be outsourced."
261QH0100X,Clinic/Center,Health Service,Definition to come...
261QH0700X,Clinic/Center,Hearing and Speech,"An entity, facility, or distinct part of a facility providing diagnostic, treatment, prescriptive, and therapy services related to congenital and acquired conditions and diseases that affect hearing capacity and speech ability."
261QI0500X,Clinic/Center,Infusion Therapy,Definition to come...
261QL0400X,Clinic/Center,Lithotripsy,Definition to come...
261QM1200X,Clinic/Center,Magnetic Resonance Imaging (MRI),Definition to come...
261QM2500X,Clinic/Center,Medical Specialty,"An entity, facility, or distinct part of a facility providing diagnostic, treatment, and prescriptive services related to a specific area of medical specialization.  Frequently used for Title V related Children's Specialty services or to meet specific public health needs (e.g., infectious diseases or breast and cervical cancer)."
261QM3000X,Clinic/Center,Medically Fragile Infants and Children Day Care,"An entity, facility, or distinct part of a facility specially equipped and staffed to provide care for medically fragile children with varied and complex care needs (e.g., enteral or parental feeding, ostomy care, respiratory/ventilator care, medications and therapies, etc.)."
261QM0801X,Clinic/Center,Mental Health (Including Community Mental Health Center),Definition to come...
261QM2800X,Clinic/Center,Methadone,"An entity, facility, or distinct part of a facility providing diagnostic, and replacement maintenance treatment services related to individuals with drug addiction."
261QM1000X,Clinic/Center,Migrant Health,Definition to come...
261QM1103X,Clinic/Center,Military Ambulatory Procedure Visits Operational (Transportable),"""Non-fixed"" facilities or distinct parts of a ""non-fixed"" facility, providing outpatient surgical procedures requiring medically supervised recovery. Does not include items issued directly to a patient from an outpatient pharmacy or patient transport. Includes initial ""take home"" pharmaceuticals."
261QM1101X,Clinic/Center,Military and U.S. Coast Guard Ambulatory Procedure,"That part of a ""fixed"" (non-temporary, non-deployed) DoD or Coast Guard entity furnishing surgical procedures requiring medically supervised recovery.  Similar to a civilian ambulatory surgical center.  May be in shared resources with a DoD or Coast Guard Clinic or a DoD Hospital.  Does not include items issued directly to a patient from an outpatient pharmacy or patient transport.  Includes initial ""take home"" pharmaceuticals."
261QM1102X,Clinic/Center,Military Outpatient Operational (Transportable) Component,"""Non-fixed"" facilities or distinct parts of a ""non-fixed"" facility, providing outpatient medical and dental services, primarily intended for DoD active duty. The entity is funded with other than Defense Health Program funding. Non-DoD active duty may receive services from this entity. ""Non-fixed"" facilities are generally deployed DoD health care activities, not providing services on or in association with a DoD fort or base. ""Non-fixed"" facilities include outpatient services furnished onboard ships. ""Non-fixed"" facilities also include deployed clinics. Does not include items issued directly to a patient from an outpatient pharmacy or patient transport."
261QM1100X,Clinic/Center,Military/U.S. Coast Guard Outpatient,"The Defense Health Program or U.S. Coast Guard funded ""fixed"" facilities or distinct parts of a facility, providing outpatient medical and dental services, primarily for Uniformed Services beneficiaries.  A ""fixed"" facility is a non-temporary, non-deployed facility.  It includes mobile specialty units such as Magnetic Resonance Imaging (MRI) units that may furnish services at the ""fixed"" facility.  It includes, as examples, the institutional portion of outpatient encounters (except Ambulatory Procedure Visits), supplies issued (e.g., glasses, ostomy supplies, crutches), and radiology and laboratory studies.  Does not include items issued directly to a patient from an outpatient pharmacy or patient transport."
261QM1300X,Clinic/Center,Multi-Specialty,Definition to come...
261QX0100X,Clinic/Center,Occupational Medicine,Definition to come...
261QX0200X,Clinic/Center,Oncology,"An entity, facility, or distinct part of a facility providing diagnostic, treatment and prescriptive services related to cancerous conditions.  Services include chemotherapy infusions and monitoring of implanted chemotherapeutic agents."
261QX0203X,Clinic/Center,"Oncology, Radiation",Definition to come...
261QS0132X,Clinic/Center,Ophthalmologic Surgery,Definition to come...
261QS0112X,Clinic/Center,Oral and Maxillofacial Surgery,"The specialty of dentistry which includes the diagnosis, surgical and adjunctive treatment of diseases, injuries and defects involving both the functional and esthetic aspects of the hard and soft tissues of the oral and maxillofacial region."
261QP3300X,Clinic/Center,Pain,Definition to come...
261QP2000X,Clinic/Center,Physical Therapy,"An entity, facility, or distinct part of a facility providing diagnostic and treatment services related to physical rehabilitation. Physical therapy is a dynamic profession with an established theoretical and scientific base and widespread clinical applications in the restoration, maintenance, and promotion of optimal physical function. Physical therapists and physical therapist assistants are licensed health care professionals who are experts in the movement system and help individuals maintain, restore, and improve movement, activity, and functioning, thereby enabling optimal performance and enhancing health, well-being, and quality of life. Their services prevent, minimize, or eliminate impairments of body functions and structures, activity limitations, and participation restrictions. Physical therapy is provided for individuals of all ages who have or may develop impairments, activity limitations, and participation restrictions related to (1) conditions of the musculoskeletal, neuromuscular, cardiovascular, pulmonary, and/or integumentary systems or (2) the negative effects attributable to unique personal and environmental factors as they relate to human performance."
261QP1100X,Clinic/Center,Podiatric,Definition to come...
261QP2300X,Clinic/Center,Primary Care,Definition to come...
261QP2400X,Clinic/Center,Prison Health,Definition to come...
261QP0904X,Clinic/Center,"Public Health, Federal",Definition to come...
261QP0905X,Clinic/Center,"Public Health, State or Local",Definition to come...
261QR0200X,Clinic/Center,Radiology,Definition to come...
261QR0206X,Clinic/Center,"Radiology, Mammography",Definition to come...
261QR0208X,Clinic/Center,"Radiology, Mobile",Definition to come...
261QR0207X,Clinic/Center,"Radiology, Mobile Mammography",Definition to come...
261QR0800X,Clinic/Center,Recovery Care,Definition to come...
261QR0400X,Clinic/Center,Rehabilitation,Definition to come...
261QR0404X,Clinic/Center,"Rehabilitation, Cardiac Facilities",Definition to come...
261QR0401X,Clinic/Center,"Rehabilitation, Comprehensive Outpatient Rehabilitation Facility (CORF)",Definition to come...
261QR0405X,Clinic/Center,"Rehabilitation, Substance Use Disorder",Definition to come...
261QR1100X,Clinic/Center,Research,Definition to come...
261QR1300X,Clinic/Center,Rural Health,Definition to come...
261QS1200X,Clinic/Center,Sleep Disorder Diagnostic,Definition to come...
261QS1000X,Clinic/Center,Student Health,Definition to come...
261QU0200X,Clinic/Center,Urgent Care,Definition to come...
261QV0200X,Clinic/Center,VA,Definition to come...
273100000X,Epilepsy Unit,,"An Epilepsy Unit is a distinct unit of a hospital that provides services that may include observation, urgent care, diagnostic testing, treatment, and medication management for patients with seizure disorders."
275N00000X,Medicare Defined Swing Bed Unit,,A unit of a hospital that has a Medicare provider agreement and has been granted approval from HCFA to provide post-hospital extended care services and be reimbursed as a swing-bed unit.
273R00000X,Psychiatric Unit,,"In general, a distinct unit of a hospital that provides acute or long-term care to emotionally disturbed patients, including patients admitted for diagnosis and those admitted for treatment of psychiatric problems on the basis of physicians' orders and approved nursing care plans. Long-term care may include intensive supervision to the chronically mentally ill, mentally disordered or other mentally incompetent persons; (2) For Medicare, a distinct part of a general acute care hospital admitting only patients whose admission to the unit is required for active treatment, whose treatment is of an intensity that can be provided only in an inpatient hospital setting, and whose condition is described by a psychiatric principal diagnosis contained in the Third Edition of the American Psychiatric Association Diagnostic and Statistical Manual or in Chapter 5 (Mental Disorders) of the International Classification of Diseases, Ninth Revision, Clinical Modification (ICD-9-CM). The unit must furnish, through the use of qualified personnel, psychological services, social work services, psychiatric nursing, occupational therapy, and recreational therapy. The unit must maintain medical records that permit determination of the degree and intensity of treatment provided to individuals who are furnished services in the unit; the unit must meet special staff requirements in that the unit must have adequate numbers of qualified professional and supportive staff to evaluate inpatients, formulate written, individualized, comprehensive treatment plans, provide active treatment measures and engage in discharge planning."
273Y00000X,Rehabilitation Unit,,"In general, a distinct unit of a general acute care hospital that provides care encompassing a comprehensive array of restoration services for the disabled and all support services necessary to help patients attain their maximum functional capacity. Source: AHA Annual Survey p. A10 1996 AHA Guide. For Medicare, a distinct part of a general acute care hospital providing inpatient rehabilitation services that meets the following requirements. Rehabilitation Units have in effect a preadmission screening procedure under which each prospective patient's condition and medical history are reviewed to determine whether the patient is likely to benefit significantly from an intensive inpatient program or assessment; ensure that the patients receive close medical supervision and furnish, through the use of qualified personnel, rehabilitation nursing, physical therapy and occupational therapy, plus, as needed, speech therapy, social services or psychological services and orthotic and prosthetic services; have a plan of treatment for each inpatient that is established, reviewed, and revised as needed by a physician in consultation with other professional personnel who provide services to the patient; use a coordinated multidisciplinary team approach in the rehabilitation of each inpatient, as documented by periodic clinical entries made in the patient's medical record to note the patient's status in relationship to goal attainment, and that team conferences are held at least every two weeks to determine the appropriateness of treatment; have a director of rehabilitation who provides services to the unit and its inpatients for at least 20 hours a week, is a doctor of medicine or osteopathy, is licensed under State law to practice medicine or surgery, and has had, after completing a one-year hospital internship at least two years of training or experience in the medical management of inpatients requiring rehabilitation services."
276400000X,"Rehabilitation, Substance Use Disorder Unit",,"A distinct part of a hospital that provides medically monitored, interdisciplinary addiction-focused treatment to patients/clients who have psychoactive substance use disorders (commonly referred to as alcohol and drug abuse or substance abuse.)"
287300000X,Christian Science Sanitorium,,"Inactive, use 282J00000X"
281P00000X,Chronic Disease Hospital,,"(1) A hospital including a physical plant and personnel that provides multidisciplinary diagnosis and treatment for diseases that have one or more of the following characteristics: is permanent; leaves residual disability; is caused by nonreversible pathological alteration; requires special training of the patient for rehabilitation; and/or may be expected to require a long period of supervision or care. In addition, patients require the safety, security, and shelter of these specialized inpatient or partial hospitalization settings. (2) A hospital that provides medical and skilled nursing services to patients with long-term illnesses who are not in an acute phase but who require an intensity of services not available in nursing homes."
281PC2000X,Chronic Disease Hospital,Children,Definition to come...
282N00000X,General Acute Care Hospital,,"An acute general hospital is an institution whose primary function is to provide inpatient diagnostic and therapeutic services for a variety of medical conditions, both surgical and non-surgical, to a wide population group. The hospital treats patients in an acute phase of illness or injury, characterized by a single episode or a fairly short duration, from which the patient returns to his or her normal or previous level of activity."
282NC2000X,General Acute Care Hospital,Children,Definition to come...
282NC0060X,General Acute Care Hospital,Critical Access,Definition to come.
282NR1301X,General Acute Care Hospital,Rural,Definition to come...
282NW0100X,General Acute Care Hospital,Women,Definition to come...
282E00000X,Long Term Care Hospital,,Long-term care hospitals (LTCHs) furnish extended medical and rehabilitative care to individuals who are clinically complex and have multiple acute or chronic conditions.
286500000X,Military Hospital,,A health care facility operated by the Department of Defense.
2865C1500X,Military Hospital,Community Health,
2865M2000X,Military Hospital,Military General Acute Care Hospital,"A Department of Defense (DoD) health care organization furnishing inpatient care 24 hours per day in ""fixed"" facilities, primarily for DoD beneficiaries. Entity is Defense Health Program (DHP) funded. A ""fixed"" facility is a non-temporary, non-deployed facility usually used for health care services. It includes mobile specialty units such as Magnetic Resonance Imaging (MRI) units that may furnish services at the ""fixed"" facility. It includes those services and institutional costs usually included in a Diagnosis Related Group as well as ""pass-through"" items."
2865X1600X,Military Hospital,Military General Acute Care Hospital. Operational (Transportable),"A Department of Defense (DoD) health care organization furnishing inpatient care 24 hours per day in ""non-fixed"" or deployed facilities. Entity is not Defense Health Program funded. Services are primarily intended for DoD active duty though some services may be furnished for non-DoD active duty. ""Non-fixed"" facilities are generally deployed DoD health care activities, not providing services on or in association with a DoD fort or base. ""Non-fixed"" facilities include hospital ships."
283Q00000X,Psychiatric Hospital,,"An organization including a physical plant and personnel that provides multidisciplinary diagnostic and treatment mental health services to patients requiring the safety, security, and shelter of the inpatient or partial hospitalization settings."
283X00000X,Rehabilitation Hospital,,"A hospital or facility that provides health-related, social and/or vocational services to disabled persons to help them attain their maximum functional capacity."
283XC2000X,Rehabilitation Hospital,Children,Definition to come...
282J00000X,Religious Nonmedical Health Care Institution,,"Furnishes only nonmedical nursing items and services to patients who choose to rely solely upon a religious method of healing, and for whom the acceptance of medical services would be inconsistent with their religious beliefs.  Furnishes nonmedical items and services exclusively through nonmedical nursing personnel who are experienced in caring for the physical needs of nonmedical patients.  For example, caring for the physical needs such as assistance with activities of daily living; assistance in moving, positioning, and ambulation; nutritional needs; and comfort and support measures.  Furnishes nonmedical items and services to inpatients on a 24-hour basis.  Does not furnish, on the basis of religious beliefs, through its personnel or otherwise, medical items and services (including any medical screening, examination, diagnosis, prognosis, treatment, or the administration of drugs) for its patients."
284300000X,Special Hospital,,"A designation by the AHA of a hospital whose primary function of the institution is to provide diagnostic and treatment services for patients who have specified medical conditions, both surgical and nonsurgical."
291U00000X,Clinical Medical Laboratory,,"(1) A clinical laboratory is a facility for the biological, microbiological, serological, chemical, immunohematological, hematological, biophysical, cytological, pathological, or other examination of materials derived from the human body for the purpose of providing information for the diagnosis, prevention, or treatment of any disease or impairment of, human beings. These examinations also include procedures to determine, measure, or otherwise describe the presence or absence of various substances or organisms in the body. Facilities only collecting or preparing specimens (or both) or only serving as a mailing service and not performing testing are not considered clinical laboratories. (2) Any facility that examines materials from the human body for purposes of providing information for the diagnosis, prevention, or treatment of any disease or impairment of, or the assessment of, the health of human beings. Typical divisions of a clinical laboratory include hematology, cytology, bacteriology, histology, biochemistry, medical toxicology, and serology."
292200000X,Dental Laboratory,,"A commercial laboratory specializing in the construction of dental appliances that conform to a dentist's specifications including the construction of dentures (complete or partial), orthodontic appliances, bridgework, crowns, and inlays."
291900000X,Military Clinical Medical Laboratory,,A Department of Defense (DoD) medical clinical reference laboratory not associated with a DoD Hospital or DoD Clinic. An example is the Armed Forces Institute of Pathology.
293D00000X,Physiological Laboratory,,"A laboratory that operates independently of a hospital and physician's office to furnish physiological diagnostic services (e.g. EEG's , EKG's, scans, etc.). Facilities offering ONLY physiological services are not certified as independent laboratories. If an independent laboratory offers physiological services IN ADDITION to clinical laboratory services, they are surveyed only for compliance with the clinical laboratory regulations because there are no health and safety regulations for physiological services."
302F00000X,Exclusive Provider Organization,,"(1) An EPO is a form of PPO, in which patients must visit a caregiver that is specified on its panel of providers (is a participating provider). If a visit to an outside(not participating) provider is made the EPO offers very limited or no coverage for the medical service; (2) While similar to a PPO in that an EPO allows patients to go outside the network for care, if they do so in an EPO, they are required to pay the entire cost of care. An EPO differs from an HMO in that EPO physicians do not receive capitation but instead are reimbursed only for actual services provided; (3) An organization identical to a preferred provider organization except that persons enrolled in the plan are eligible to receive benefits only when they use the services of the contracting providers. No benefits are available when non-contracting providers are used, except in certain emergency situations."
302R00000X,Health Maintenance Organization,,"(1) A form of health insurance in which its members prepay a premium for the HMO's health services which generally include inpatient and ambulatory care. For the patient, an HMO means reduced out-of-pocket costs (i.e. no deductible), no paperwork (i.e. insurance forms), and only a small copayment for each office visit to cover the paperwork handled by the HMO; (2) A organization of health care personnel and facilities that provides a comprehensive range of health services to an enrolled population for a fixed sum of money paid in advance for a specified period of time. These health services include a wide variety of medical treatments and consults, inpatient and outpatient hospitalization, home health service, ambulance service, and sometimes dental and pharmacy services. The HMO may be organized as a group model, an individual practice association (IPA), a network model or a staff model."
305S00000X,Point of Service,,This product may also be called an open-ended HMO and offers a transition product incorporating features of both HMOs and PPOs. Beneficiaries are enrolled in an HMO but have the option to go outside the networks for an additional cost.
305R00000X,Preferred Provider Organization,,"A group of physicians and/or hospitals who contract with an employer to provide services to their employees. In a PPO, the patient may got to the physician of his/her choice, even if that physician does not participate in the PPO, but the patient receives care at a lower benefit level."
311500000X,Alzheimer Center (Dementia Center),,"A freestanding facility or special care unit of a long term care facility focusing on patient care of individuals diagnosed with dementia or Alzheimer's Disease or their related diseases. Six elements of the facility/unit set it apart from other (the rest of the) facilities(y):  Admission of residents with dementia (including those with Alzheimer's disease);  Staff who are specially selected, trained, and supervised;  Activities that are specifically designed for the cognitively impaired;  A marketing of a special care unit in brochures;  A high level of family involvement; and  A physical environment designed to keep residents safe and segregated from other populations."
310400000X,Assisted Living Facility,,"A facility providing supportive services to individuals who can function independently in most areas of activity, but need assistance and/or monitoring to assure safety and well being."
3104A0630X,Assisted Living Facility,"Assisted Living, Behavioral Disturbances","A facility providing supportive services to individuals who can function independently in most areas of activity, but exhibit abnormal behavioral responses and habits and therefore need special guidance, assistance and/or monitoring to assure safety and well being.  This type of facility requires a staff with special training in dealing with and redirecting negative, violent or destructive behaviors."
3104A0625X,Assisted Living Facility,"Assisted Living, Mental Illness","A facility providing supportive services to individuals who can function independently in most areas of activity, but need special guidance, assistance and/or monitoring as the result of a psychiatric problem.  This type of facility requires a staff with special training in mental health training and dealing with psychiatric emergencies."
317400000X,Christian Science Facility,,"Inactive, use 282J00000X"
311Z00000X,Custodial Care Facility,,"A facility providing care that serves to assist an individual in the activities of daily living, such as assistance in walking, getting in and out of bed, bathing, dressing, feeding, and using the toilet, preparation of special diets, and supervision of medication that usually can be self-administered. Custodial care essentially is personal care that does not require the continuing attention of trained medical or paramedical personnel."
311ZA0620X,Custodial Care Facility,Adult Care Home,A custodial care facility providing supportive and personal care services to disabled and/or elderly individuals who cannot function independently in most areas of activity and need assistance and monitoring to enable them to remain in a home like environment.
315D00000X,"Hospice, Inpatient",,"A provider organization, or distinct part of the organization, which renders an interdisciplinary program providing palliative care, chiefly medical relief of pain and supporting services, which addresses the emotional, social, financial, and legal needs of terminally ill patients and their families where an institutional care environment is required for the patient."
315P00000X,"Intermediate Care Facility, Intellectual Disabilities",,An intermediate care facility providing services for individuals with intellectual disabilities.
310500000X,"Intermediate Care Facility, Mental Illness",,A nursing facility that provides an intermediate level of nursing care to individuals whose functional abilities are significantly compromise by mental illness.
313M00000X,Nursing Facility/Intermediate Care Facility,,"An institution (or a distinct part of an institution) which- (1) is primarily engaged in providing to residents- (A) skilled nursing care and related services for residents who require medical or nursing care, (B) rehabilitation services for the rehabilitation of injured, disabled, or sick persons, or, on a regular basis, health-related care and services to individuals who because of their mental or physical condition require care and services (above the level of room and board) which can be made available to them only through institutional facilities, and is not primarily for the care and treatment of mental diseases; (2) has in effect a transfer agreement with one or more hospitals."
314000000X,Skilled Nursing Facility,,"(1) A skilled nursing facility is a facility or distinct part of an institution whose primary function is to provide medical, continuous nursing, and other health and social services to patients who are not in an acute phase of illness requiring services in a hospital, but who require primary restorative or skilled nursing services on an inpatient basis above the level of intermediate or custodial care in order to reach a degree of body functioning to permit self care in essential daily living. It meets any licensing or certification standards et forth by the jurisdiction where it is located. A skilled nursing facility may be a freestanding facility or part of a hospital that has been certified by Medicare to admit patients requiring subacute care and rehabilitation; (2) Provides non-acute medical and skilled nursing care services, therapy and social services under the supervision of a licensed registered nurse on a 24-hour basis."
3140N1450X,Skilled Nursing Facility,"Nursing Care, Pediatric","A nursing care facility designed and staffed for the provision of nursing care and appropriate educational and habilitative/rehabilitative services to children with multiple, complex or profound disabilities that can not be cared for in a less restrictive environment."
177F00000X,Lodging,,A public or privately owned facility providing overnight lodging to individuals traveling long distances or receiving prolonged outpatient medical services away from home.
174200000X,Meals,,A public or privately owned facility providing meals to individuals traveling long distances or receiving prolonged outpatient medical services away from home.
320800000X,"Community Based Residential Treatment Facility, Mental Illness",,A home-like residential facility providing psychiatric treatment and psycho/social rehabilitative services to individuals diagnosed with mental illness.
320900000X,"Community Based Residential Treatment Facility, Intellectual and/or Developmental Disabilities",,"A home-like residential facility providing habilitation, support and monitoring services to individuals diagnosed with intellectual and/or developmental disabilities."
323P00000X,Psychiatric Residential Treatment Facility,,"A residential treatment facility (RTF) is a facility or distinct part of a facility that provides to children and adolescents, a total, twenty-four hour, therapeutically planned group living and learning situation where distinct and individualized psychotherapeutic interventions can take place. Residential treatment is a specific level of care to be differentiated from acute, intermediate, and long-term hospital care, when the least restrictive environment is maintained to allow for normalization of the patient's surroundings. The RTF must be both physically and programmatically distinct if it is a part or subunit of a larger treatment program. An RTF is organized and professionally staffed to provide residential treatment of mental disorders to children and adolescents who have sufficient intellectual potential to respond to active treatment (that is, for whom it can reasonably be assumed that treatment of the mental disorder will result in an improved ability to function outside the RTF) for whom outpatient treatment, partial hospitalization or protected and structured environment is medically or psychologically necessary"
322D00000X,"Residential Treatment Facility, Emotionally Disturbed Children",,"A residential facility that provides habilitation services and other care and treatment to children diagnosed with mental health illness, behavioral issues, and intellectual disabilities and are not able to live independently."
320600000X,"Residential Treatment Facility, Intellectual and/or Developmental Disabilities",,A residential facility that provides habilitation services and other care and treatment to adults or children diagnosed with developmental and intellectual disabilities and are not able to live independently.
320700000X,"Residential Treatment Facility, Physical Disabilities",,A residential facility that provides habilitation services and other care and treatment to adults or children diagnosed with physical disabilities and are not able to live independently.
324500000X,Substance Abuse Rehabilitation Facility,,"A facility or distinct part of a facility that provides a 24 hr therapeutically planned living and rehabilitative intervention environment for the treatment of individuals with disorders in the abuse of drugs, alcohol, and other substances."
3245S0500X,Substance Abuse Rehabilitation Facility,"Substance Abuse Treatment, Children","A facility or distinct part of a facility that provides a 24 hr therapeutically planned living and rehabilitative intervention environment for the treatment of children with disorders in the use of drugs, alcohol, and other substances.  Medical and supportive counseling services and education services are included."
385H00000X,Respite Care,,Definition to come.
385HR2050X,Respite Care,Respite Care Camp,"A camping facility that provides specialized respite care to individuals requiring enhanced services to enable them to remain in the community, (e.g., those with developmental delays, intellectual disabilities, mental/behavioral disorders). The staff must have training in working with the target populations and dealing with emergency situations which might be related to or exacerbate the individual's condition."
385HR2055X,Respite Care,"Respite Care, Mental Illness, Child","A facility or distinct part of a facility that provides short term, residential care to children, diagnosed with mental illness, as respite for the regular caregivers."
385HR2060X,Respite Care,"Respite Care, Intellectual and/or Developmental Disabilities, Child","A facility or distinct part of a facility that provides short term, residential care to children diagnosed with intellectual and/or developmental disabilities as respite for the regular caregivers."
385HR2065X,Respite Care,"Respite Care, Physical Disabilities, Child","A facility or distinct part of a facility that providers short term, residential care to children, diagnosed with complex or profound disabilities as respite for the regular caregivers."
331L00000X,Blood Bank,,"An institution (organization or distinct part thereof) that performs, or is responsible for the performance of, the collection, processing, storage and/or issuance of human blood and blood components, intended for transfusion. The institution may also collect, process, and/or distribute human tissue, including bone marrow and peripheral blood progenitor cells, intended for transplantation."
332100000X,Department of Veterans Affairs (VA) Pharmacy,,"Department of Veterans Affairs (VA) Pharmacy means any place under VA jurisdiction where drugs are dispensed and Pharmaceutical Care is provided to enrolled Veterans, by licensed pharmacists. The Pharmacy is reviewed by JCAHO, utilizes the VA hospital's DEA number, and has a designated NCPDP number. VA facility pharmacies include Inpatient (Institutional), Outpatient, Consolidated Mail Outpatient Pharmacies (CMOPs), Research, Addiction Treatment Centers, Long Term Care and Community Based Outpatient Clinics Pharmacies. The VHA Pharmacy Benefits Management - Strategic Healthcare Group has oversight for professional and practice activities of VA Pharmacies. Each pharmacy is under the direct supervision of a U.S. or U.S. territory licensed pharmacist, and has staffing to meet its designated scope of service."
332B00000X,Durable Medical Equipment & Medical Supplies,,"A supplier of medical equipment such as respirators, wheelchairs, home dialysis systems, or monitoring systems, that are prescribed by a physician for a patient's use in the home and that are usable for an extended period of time."
332BC3200X,Durable Medical Equipment & Medical Supplies,Customized Equipment,Definition to come...
332BD1200X,Durable Medical Equipment & Medical Supplies,Dialysis Equipment & Supplies,Definition to come...
332BN1400X,Durable Medical Equipment & Medical Supplies,Nursing Facility Supplies,Definition to come...
332BX2000X,Durable Medical Equipment & Medical Supplies,Oxygen Equipment & Supplies,Definition to come...
332BP3500X,Durable Medical Equipment & Medical Supplies,Parenteral & Enteral Nutrition,Definition to come...
333300000X,Emergency Response System Companies,,"A supplier of a personal emergency response system (PERS), which is an electronic device that enables a patient to receive emergency assistance when needed. The PERS is one of two different methodologies of notification: (1) where the patient summons emergency assistance themselves directly through the device or (2) emergency assistance is summoned through secure activation by the caretaker/guardian, which sends the device location to emergency responders."
332G00000X,Eye Bank,,"An eye bank procures and distributes eyes for transplant, education and research. To promote patient safety, donated eyes and donor medial histories are evaluated based on strict Eye Bank Association of America Medical Standards"
332H00000X,Eyewear Supplier,,"An organization that provides spectacles, contact lenses, and other vision enhancement devices prescribed by an optometrist or ophthalmologist."
332S00000X,Hearing Aid Equipment,,"The manufacture and/or sale of electronic hearing aids, their component parts, and related products and services on a national basis."
332U00000X,Home Delivered Meals,,"Home-delivered meals are those services or activities designed to prepare and deliver one or more meals a day to an individual's residence in order to prevent institutionalization, malnutrition, and feelings of isolation. Component services or activities may include the cost of personnel, equipment, and food; assessment of nutritional and dietary needs; nutritional education and counseling; socialization services; and information and referral."
332800000X,Indian Health Service/Tribal/Urban Indian Health (I/T/U) Pharmacy,,"An Indian Health Service/Tribal/Urban Indian Health (I/T/U) Pharmacy means a pharmacy operated by the Indian Health Service, an Indian tribe or tribal organization, or an urban Indian organization, all of which are defined in Section 4 of the Indian Health Care Improvement Act, 25 U.S.C. 1603."
335G00000X,Medical Foods Supplier,,"A supplier of special replacement foods for clients with errors of metabolism that prohibit them from eating a regular diet.   Medical foods are lacking in the compounds which cause complications of the metabolic disorder, and are not generally available in grocery stores, health food stores, or pharmacies."
332000000X,Military/U.S. Coast Guard Pharmacy,,"A Department of Defense (DoD) or U.S. Coast Guard entity whose primary function is to store, prepare and dispense pharmaceuticals and other associated items to Uniformed Services beneficiaries.  These pharmacies may be associated with a DoD or U.S. Coast Guard clinic, DoD Hospital or freestanding.  Usually associated with outpatient services."
332900000X,Non-Pharmacy Dispensing Site,,"A site other than a pharmacy that dispenses medicinal preparations under the supervision of a physician to patients for self-administration. (e.g. physician offices, ER, Urgent Care Centers, Rural Health Facilities, etc.)"
335U00000X,Organ Procurement Organization,,A federally designated organization that works with hospital personnel in retrieval of organs for transplantation. The federal government designates an OPO's service area and the hospitals with which an OPO is to establish working relationships.
333600000X,Pharmacy,,"A facility used by pharmacists for the compounding and dispensing of medicinal preparations and other associated professional and administrative services. A pharmacy is a facility whose primary function is to store, prepare and legally dispense prescription drugs under the professional supervision of a licensed pharmacist. It meets any licensing or certification standards set forth by the jurisdiction where it is located."
3336C0002X,Pharmacy,Clinic Pharmacy,"A pharmacy in a clinic, emergency room or hospital (outpatient) that dispenses medications to patients for self-administration under the supervision of a pharmacist."
3336C0003X,Pharmacy,Community/Retail Pharmacy,"A pharmacy where pharmacists store, prepare, and dispense medicinal preparations and/or prescriptions for a local patient population in accordance with federal and state law; counsel patients and caregivers (sometimes independent of the dispensing process); administer vaccinations; and provide other professional services associated with pharmaceutical care such as health screenings, consultative services with other health care providers, collaborative practice, disease state management, and education classes."
3336C0004X,Pharmacy,Compounding Pharmacy,A pharmacy that specializes in the preparation of components into a drug preparation as the result of a Practitioner's Prescription Drug Order or initiative based on the Practitioner/Patient/Pharmacist relationship in the course of professional practice.  A compounding pharmacy utilizes specialized equipment and specially designed facilities necessary to meet the legal and quality requirements of its scope of compounding practice.
3336H0001X,Pharmacy,Home Infusion Therapy Pharmacy,"Pharmacy-based, decentralized patient care organization with expertise in USP 797-compliant sterile drug compounding that provides care to patients with acute or chronic conditions generally pertaining to parenteral administration of drugs, biologics and nutritional formulae administered through catheters and/or needles in home and alternate sites. Extensive professional pharmacy services, care coordination, infusion nursing services, supplies and equipment are provided to optimize efficacy and compliance."
3336I0012X,Pharmacy,Institutional Pharmacy,"A pharmacy in a hospital (inpatient) or institution used by pharmacists for the compounding and delivery of medicinal preparations to be administered to the patient by nursing or other authorized personnel. Institutional Pharmacies also counsel patients and caregivers; administer vaccinations; and provide other professional services associated with pharmaceutical care such as health screenings, consultative services with other health care providers, collaborative practice, disease state management, and education classes."
3336L0003X,Pharmacy,Long Term Care Pharmacy,"A pharmacy that dispenses medicinal preparations delivered to patients residing within an intermediate or skilled nursing facility, including intermediate care facilities, hospice, assisted living facilities, group homes, and other forms of congregate living arrangements."
3336M0002X,Pharmacy,Mail Order Pharmacy,"A pharmacy where pharmacists compound or dispense prescriptions or other medications in accordance with federal and state law, using common carriers to deliver the medications to patient or their caregivers. Mail order pharmacies counsel patients and caregivers (sometimes independent of the dispensing process) through telephone or email contact and provide other professional services associated with pharmaceutical care appropriate to the setting. Mail order pharmacies are licensed as a Mail Order Pharmacy in the state where they are located and may also be licensed or registered as nonresident pharmacies in other states."
3336M0003X,Pharmacy,Managed Care Organization Pharmacy,A pharmacy owned by a managed care organization (MCO) used by pharmacists for the compounding and dispensing of medicinal preparations to that MCO's covered members only.
3336N0007X,Pharmacy,Nuclear Pharmacy,A pharmacy dedicated to the compounding and dispensing of radioactive materials for use in nuclear imaging and nuclear medical procedures.
3336S0011X,Pharmacy,Specialty Pharmacy,"A pharmacy that dispenses generally low volume and high cost medicinal preparations to patients who are undergoing intensive therapies for illnesses that are generally chronic, complex and potentially life threatening. Often these therapies require specialized delivery and administration."
335V00000X,Portable X-ray and/or Other Portable Diagnostic Imaging Supplier,,"A supplier that provides one or more of the following portable services, including but not limited to, x-ray, electrocardiogram (EKG), long-term EKG (Holter Monitor), bone densitometry, sonography, and other imaging services in accordance with all state and federal requirements, under the general supervision of a qualified physician.  All necessary resources are transported to the patient's location where the services are performed."
335E00000X,Prosthetic/Orthotic Supplier,,"An organization that provides prosthetic and orthotic care which may include, but is not limited to, patient evaluation, prosthesis or orthosis design, fabrication, fitting and modification to treat limb loss for purposes of restoring physiological function and/or cosmesis or to treat a neuromusculoskeletal disorder or acquired condition."
344800000X,Air Carrier,,"An air company that the Federal Aviation Administration, the certificate-holding district office (CHDO), regional Flight Standards Division (RFSD) offices, and AFS-900 has verified that the company is capable of operating safely and that it complies with the regulations and standards prescribed by the Administrator."
341600000X,Ambulance,,"An emergency vehicle used for transporting patients to a health care facility after injury or illness. Types of ambulances used in the United States include ground (surface) ambulance, rotor-wing (helicopter), and fixed-wing aircraft (airplane)."
3416A0800X,Ambulance,Air Transport,Definition to come...
3416L0300X,Ambulance,Land Transport,Definition to come...
3416S0300X,Ambulance,Water Transport,Definition to come...
347B00000X,Bus,,A public or private organization or business licensed to provide bus services.
341800000X,Military/U.S. Coast Guard Transport,,Definition to come...
3418M1120X,Military/U.S. Coast Guard Transport,"Military or U.S. Coast Guard Ambulance, Air Transport",Vehicle and staff for patient emergency or non-emergency air transport.
3418M1110X,Military/U.S. Coast Guard Transport,"Military or U.S. Coast Guard Ambulance, Ground Transport",Vehicle and staff for patient emergency or non-emergency ground transport. Includes traditional ambulances as well as ambulance buses.
3418M1130X,Military/U.S. Coast Guard Transport,"Military or U.S. Coast Guard Ambulance, Water Transport",Vehicle and staff for patient emergency or non-emergency sea/water transport
343900000X,Non-emergency Medical Transport (VAN),,"A land vehicle with a capacity to meet special height, clearance, access, and seating, for the conveyance of persons in non-emergency situations. The vehicle may or may not be required to meet local county or state regulations."
347C00000X,Private Vehicle,,An individual paid to provide non-emergency transportation using their privately owned/leased vehicle.
343800000X,Secured Medical Transport (VAN),,"A public or privately owned transportation service with vehicles, specially equipped to provide enhanced safety, security and passenger restraint, and staffed by one or more individuals trained to work with patients in crisis situations resulting from mental or emotional illness and/or substance abuse."
344600000X,Taxi,,"A land commercial vehicle used for the transporting of persons in non-emergency situations. The vehicle meets local, county or state regulations set forth by the jurisdictions where it is located."
347D00000X,Train,,"An organization or business licensed to provide passenger train service, including light rail, subway, and traditional services."
347E00000X,Transportation Broker,,"An organization that provides transportation for individuals who need access to medical care or services and have no other means of transportation. Transportation includes, but is not limited to, wheelchair van, taxi, stretcher car, bus passes and tickets, and secured transportation. "
342000000X,Transportation Network Company,,A ride-sharing company that provides prearranged or contracted non-emergency medical transportation services to patients through mobile or online technology.
